日期,股票代號,股票名稱,股數,持股權重
2025-12-17,2330,台積電,2915000,9.16%
2025-12-17,3711,日月光投控,1582000,0.79%
2025-12-17,6191,精成科,3058000,0.79%
2025-12-17,3533,嘉澤,251000,0.73%
2025-12-17,3515,華擎,1003000,0.54%
2025-12-17,4958,臻鼎-KY,1737000,0.53%
2025-12-17,2354,鴻準,3808000,0.51%
2025-12-17,5347,世界,1815000,0.38%
2025-12-17,3211,順達,505000,0.34%
2025-12-17,3081,聯亞,252000,0.33%
2025-12-17,1319,東陽,671000,0.14%
2025-12-17,2313,華通,3810000,0.79%
2025-12-17,3217,優群,292000,0.1%
2025-12-17,6510,精測,1000,0.01%
2025-12-17,1303,南亞,1000,0%
2025-12-17,2327,國巨*,1000,0%
2025-12-17,2357,華碩,1000,0%
2025-12-17,2439,美律,1000,0%
2025-12-17,2884,玉山金,1010,0%
2025-12-17,3008,大立光,1000,0%
2025-12-17,3045,台灣大,1000,0%
2025-12-17,3583,辛耘,1000,0%
2025-12-17,8996,高力,1000,0%
2025-12-17,3044,健鼎,93000,0.06%
2025-12-17,8299,群聯,333000,0.8%
2025-12-17,6515,穎崴,47000,0.27%
2025-12-17,3715,定穎投控,3460000,0.87%
2025-12-17,8358,金居,1668000,0.87%
2025-12-17,2383,台光電,1848000,6.07%
2025-12-17,6669,緯穎,646000,5.93%
2025-12-17,3017,奇鋐,1879000,5.53%
2025-12-17,2368,金像電,3958000,5.1%
2025-12-17,2308,台達電,2452000,4.79%
2025-12-17,3665,貿聯-KY,1502848,4.74%
2025-12-17,6223,旺矽,894000,4.4%
2025-12-17,3653,健策,642000,3.82%
2025-12-17,6274,台燿,3768000,3.43%
2025-12-17,2317,鴻海,7002000,3.33%
2025-12-17,2345,智邦,2342000,6.1%
2025-12-17,6805,富世達,855000,2.72%
2025-12-17,2454,聯發科,976000,3.06%
2025-12-17,3231,緯創,3091000,0.94%
2025-12-17,2404,漢唐,550000,1.16%
2025-12-17,3661,世芯-KY,210000,1.48%
2025-12-17,5274,信驊,107000,1.53%
2025-12-17,5536,聖暉*,511000,0.89%
2025-12-17,6139,亞翔,1599000,2.07%
2025-12-17,2449,京元電子,4969000,2.35%
2025-12-17,8210,勤誠,1228000,2.41%
2025-12-17,2059,川湖,197000,1.53%
2025-12-18,3081,聯亞,102000,0.13%
2025-12-18,6191,精成科,3088000,0.76%
2025-12-18,3533,嘉澤,252000,0.7%
2025-12-18,5347,世界,2793000,0.58%
2025-12-18,3515,華擎,1004000,0.54%
2025-12-18,4958,臻鼎-KY,1738000,0.52%
2025-12-18,2354,鴻準,3809000,0.5%
2025-12-18,3711,日月光投控,1592000,0.76%
2025-12-18,3211,順達,555000,0.38%
2025-12-18,1319,東陽,1574000,0.32%
2025-12-18,3217,優群,306000,0.11%
2025-12-18,2357,華碩,1000,0%
2025-12-18,6510,精測,2000,0.01%
2025-12-18,1303,南亞,1000,0%
2025-12-18,2327,國巨*,1000,0%
2025-12-18,2439,美律,1000,0%
2025-12-18,2884,玉山金,1010,0%
2025-12-18,3008,大立光,1000,0%
2025-12-18,3045,台灣大,1000,0%
2025-12-18,3583,辛耘,1000,0%
2025-12-18,8996,高力,1000,0%
2025-12-18,2313,華通,3910000,0.77%
2025-12-18,3044,健鼎,143000,0.09%
2025-12-18,5536,聖暉*,512000,0.84%
2025-12-18,6515,穎崴,48000,0.26%
2025-12-18,8358,金居,1668000,0.87%
2025-12-18,6669,緯穎,683000,6.13%
2025-12-18,2383,台光電,1878000,6.06%
2025-12-18,2345,智邦,2357000,5.98%
2025-12-18,3017,奇鋐,1975000,5.77%
2025-12-18,2368,金像電,3988000,5.05%
2025-12-18,3665,貿聯-KY,1532848,4.74%
2025-12-18,2308,台達電,2457000,4.71%
2025-12-18,6223,旺矽,902000,4.28%
2025-12-18,3653,健策,647000,3.69%
2025-12-18,6274,台燿,4034000,3.58%
2025-12-18,2454,聯發科,1168000,3.57%
2025-12-18,2330,台積電,3062000,9.41%
2025-12-18,3715,定穎投控,3510000,0.85%
2025-12-18,6805,富世達,865000,2.7%
2025-12-18,8210,勤誠,1303000,2.48%
2025-12-18,6139,亞翔,1604000,2.01%
2025-12-18,3661,世芯-KY,284000,1.94%
2025-12-18,2449,京元電子,4024000,1.8%
2025-12-18,5274,信驊,125000,1.78%
2025-12-18,2059,川湖,202000,1.53%
2025-12-18,8299,群聯,582000,1.35%
2025-12-18,2404,漢唐,551000,1.13%
2025-12-18,3231,緯創,3101000,0.93%
2025-12-18,2317,鴻海,7032000,3.26%
2025-12-22,2354,鴻準,3809000,0.49%
2025-12-22,4958,臻鼎-KY,1738000,0.52%
2025-12-22,3515,華擎,1004000,0.52%
2025-12-22,5347,世界,2793000,0.56%
2025-12-22,5536,聖暉*,512000,0.81%
2025-12-22,3533,嘉澤,252000,0.69%
2025-12-22,3711,日月光投控,1592000,0.76%
2025-12-22,6191,精成科,3088000,0.76%
2025-12-22,3211,順達,555000,0.39%
2025-12-22,1303,南亞,4519000,0.57%
2025-12-22,1319,東陽,1574000,0.31%
2025-12-22,3583,辛耘,1000,0%
2025-12-22,3217,優群,306000,0.1%
2025-12-22,3044,健鼎,143000,0.09%
2025-12-22,6510,精測,2000,0.01%
2025-12-22,2357,華碩,1000,0%
2025-12-22,2439,美律,1000,0%
2025-12-22,3008,大立光,1000,0%
2025-12-22,3045,台灣大,1000,0%
2025-12-22,3081,聯亞,1000,0%
2025-12-22,2327,國巨*,1000,0%
2025-12-22,2884,玉山金,1010,0%
2025-12-22,8358,金居,1668000,0.86%
2025-12-22,6515,穎崴,48000,0.26%
2025-12-22,8996,高力,1000,0%
2025-12-22,3715,定穎投控,3554960,0.88%
2025-12-22,2313,華通,4685000,0.94%
2025-12-22,6139,亞翔,747000,0.88%
2025-12-22,2330,台積電,3146000,9.54%
2025-12-22,3017,奇鋐,2136000,6.52%
2025-12-22,2383,台光電,1948000,6.45%
2025-12-22,6669,緯穎,683000,6.01%
2025-12-22,2345,智邦,2357000,5.71%
2025-12-22,2308,台達電,2532000,5%
2025-12-22,3665,貿聯-KY,1532848,4.68%
2025-12-22,6223,旺矽,978000,4.57%
2025-12-22,6274,台燿,4557000,4.28%
2025-12-22,3653,健策,647000,3.54%
2025-12-22,2368,金像電,4237000,5.7%
2025-12-22,2454,聯發科,1168000,3.39%
2025-12-22,2317,鴻海,7423000,3.44%
2025-12-22,2404,漢唐,655000,1.26%
2025-12-22,2059,川湖,232000,1.79%
2025-12-22,2449,京元電子,4024000,1.84%
2025-12-22,5274,信驊,134000,1.89%
2025-12-22,3231,緯創,3101000,0.94%
2025-12-22,8299,群聯,965000,2.35%
2025-12-22,8210,勤誠,1403000,2.74%
2025-12-22,6805,富世達,919000,2.94%
2025-12-22,3661,世芯-KY,333000,2.22%
2025-12-23,1319,東陽,1574000,0.31%
2025-12-23,3711,日月光投控,1592000,0.77%
2025-12-23,6191,精成科,3088000,0.75%
2025-12-23,3533,嘉澤,252000,0.67%
2025-12-23,5347,世界,2793000,0.57%
2025-12-23,1303,南亞,4519000,0.55%
2025-12-23,3515,華擎,1004000,0.52%
2025-12-23,4958,臻鼎-KY,1738000,0.51%
2025-12-23,2354,鴻準,3809000,0.48%
2025-12-23,3211,順達,555000,0.38%
2025-12-23,3217,優群,306000,0.1%
2025-12-23,5536,聖暉*,512000,0.8%
2025-12-23,6510,精測,2000,0.01%
2025-12-23,2357,華碩,1000,0%
2025-12-23,8996,高力,1000,0%
2025-12-23,2439,美律,1000,0%
2025-12-23,3008,大立光,1000,0%
2025-12-23,3045,台灣大,1000,0%
2025-12-23,3081,聯亞,1000,0%
2025-12-23,2327,國巨*,1000,0%
2025-12-23,2884,玉山金,1010,0%
2025-12-23,3583,辛耘,1000,0%
2025-12-23,3044,健鼎,143000,0.09%
2025-12-23,8358,金居,1668000,0.86%
2025-12-23,6515,穎崴,48000,0.26%
2025-12-23,6139,亞翔,747000,0.89%
2025-12-23,2330,台積電,3146000,9.63%
2025-12-23,3017,奇鋐,2136000,6.63%
2025-12-23,2383,台光電,1998000,6.63%
2025-12-23,6669,緯穎,683000,5.97%
2025-12-23,2345,智邦,2357000,5.74%
2025-12-23,2368,金像電,4237000,5.67%
2025-12-23,2308,台達電,2532000,4.91%
2025-12-23,3665,貿聯-KY,1532848,4.6%
2025-12-23,6223,旺矽,978000,4.51%
2025-12-23,6274,台燿,4557000,4.36%
2025-12-23,3653,健策,647000,3.61%
2025-12-23,2317,鴻海,7423000,3.42%
2025-12-23,3715,定穎投控,3554960,0.89%
2025-12-23,2454,聯發科,1168000,3.34%
2025-12-23,2313,華通,4685000,0.98%
2025-12-23,2404,漢唐,786000,1.54%
2025-12-23,2059,川湖,232000,1.78%
2025-12-23,2449,京元電子,4024000,1.82%
2025-12-23,3231,緯創,3101000,0.92%
2025-12-23,3661,世芯-KY,333000,2.2%
2025-12-23,8299,群聯,965000,2.33%
2025-12-23,8210,勤誠,1403000,2.75%
2025-12-23,6805,富世達,919000,3.02%
2025-12-23,5274,信驊,134000,1.89%
2025-12-24,3217,優群,306000,0.1%
2025-12-24,5347,世界,2793000,0.57%
2025-12-24,1303,南亞,4519000,0.54%
2025-12-24,4958,臻鼎-KY,1738000,0.52%
2025-12-24,3231,緯創,1550000,0.46%
2025-12-24,2354,鴻準,3209000,0.4%
2025-12-24,3211,順達,555000,0.37%
2025-12-24,1319,東陽,1574000,0.31%
2025-12-24,6515,穎崴,48000,0.26%
2025-12-24,3711,日月光投控,318000,0.15%
2025-12-24,3044,健鼎,143000,0.09%
2025-12-24,3008,大立光,1000,0%
2025-12-24,2357,華碩,1000,0%
2025-12-24,8996,高力,1000,0%
2025-12-24,2439,美律,1000,0%
2025-12-24,3533,嘉澤,252000,0.68%
2025-12-24,3045,台灣大,1000,0%
2025-12-24,6139,亞翔,1000,0%
2025-12-24,3081,聯亞,1000,0%
2025-12-24,2327,國巨*,1000,0%
2025-12-24,2884,玉山金,1010,0%
2025-12-24,3583,辛耘,1000,0%
2025-12-24,6510,精測,2000,0.01%
2025-12-24,6191,精成科,3088000,0.74%
2025-12-24,3515,華擎,854000,0.43%
2025-12-24,3715,定穎投控,3554960,0.87%
2025-12-24,2383,台光電,2037000,7.07%
2025-12-24,3017,奇鋐,2136000,6.58%
2025-12-24,6669,緯穎,683000,5.95%
2025-12-24,2368,金像電,4237000,5.81%
2025-12-24,2345,智邦,2357000,5.76%
2025-12-24,2308,台達電,2532000,4.96%
2025-12-24,3665,貿聯-KY,1532848,4.88%
2025-12-24,6274,台燿,4737000,4.84%
2025-12-24,6223,旺矽,999000,4.73%
2025-12-24,3653,健策,647000,3.65%
2025-12-24,2317,鴻海,7423000,3.41%
2025-12-24,2330,台積電,3146000,9.66%
2025-12-24,6805,富世達,919000,2.99%
2025-12-24,2454,聯發科,1168000,3.31%
2025-12-24,8358,金居,1668000,0.89%
2025-12-24,2313,華通,4685000,0.95%
2025-12-24,2404,漢唐,786000,1.49%
2025-12-24,2059,川湖,232000,1.77%
2025-12-24,5536,聖暉*,512000,0.79%
2025-12-24,5274,信驊,134000,1.88%
2025-12-24,3661,世芯-KY,333000,2.17%
2025-12-24,8299,群聯,965000,2.56%
2025-12-24,2449,京元電子,4024000,1.81%
2025-12-24,8210,勤誠,1403000,2.78%
2025-12-26,3583,辛耘,1000,0%
2025-12-26,6515,穎崴,48000,0.28%
2025-12-26,1319,東陽,1574000,0.31%
2025-12-26,3211,順達,555000,0.37%
2025-12-26,3515,華擎,854000,0.44%
2025-12-26,5347,世界,1368000,0.27%
2025-12-26,3231,緯創,1550000,0.46%
2025-12-26,4958,臻鼎-KY,1738000,0.51%
2025-12-26,1303,南亞,4519000,0.53%
2025-12-26,3715,定穎投控,2198960,0.55%
2025-12-26,2354,鴻準,3209000,0.4%
2025-12-26,3711,日月光投控,318000,0.16%
2025-12-26,6510,精測,2000,0.01%
2025-12-26,3044,健鼎,143000,0.09%
2025-12-26,2357,華碩,1000,0%
2025-12-26,8996,高力,1000,0%
2025-12-26,3008,大立光,1000,0%
2025-12-26,3045,台灣大,1000,0%
2025-12-26,6139,亞翔,1000,0%
2025-12-26,3081,聯亞,1000,0%
2025-12-26,2327,國巨*,1000,0%
2025-12-26,2884,玉山金,1010,0%
2025-12-26,3533,嘉澤,252000,0.66%
2025-12-26,3217,優群,306000,0.1%
2025-12-26,2439,美律,1000,0%
2025-12-26,6191,精成科,3088000,0.73%
2025-12-26,8358,金居,1668000,0.91%
2025-12-26,2330,台積電,3146000,9.68%
2025-12-26,2383,台光電,2037000,6.81%
2025-12-26,3017,奇鋐,2136000,6.61%
2025-12-26,2368,金像電,4237000,6.02%
2025-12-26,6669,緯穎,683000,5.98%
2025-12-26,2345,智邦,2357000,5.83%
2025-12-26,6223,旺矽,1077000,5.18%
2025-12-26,2308,台達電,2532000,4.93%
2025-12-26,3665,貿聯-KY,1532848,4.83%
2025-12-26,6274,台燿,4737000,4.81%
2025-12-26,3653,健策,677000,3.78%
2025-12-26,5536,聖暉*,512000,0.83%
2025-12-26,2454,聯發科,1168000,3.3%
2025-12-26,6805,富世達,939000,3.07%
2025-12-26,8210,勤誠,1453000,2.88%
2025-12-26,8299,群聯,965000,2.58%
2025-12-26,3661,世芯-KY,333000,2.18%
2025-12-26,5274,信驊,134000,1.89%
2025-12-26,2449,京元電子,4024000,1.83%
2025-12-26,2059,川湖,232000,1.74%
2025-12-26,2404,漢唐,786000,1.51%
2025-12-26,2313,華通,4685000,0.94%
2025-12-26,2317,鴻海,7423000,3.41%
2025-12-29,5347,世界,957000,0.18%
2025-12-29,6515,穎崴,48000,0.27%
2025-12-29,1319,東陽,1574000,0.31%
2025-12-29,3211,順達,555000,0.38%
2025-12-29,3715,定穎投控,2198960,0.53%
2025-12-29,3515,華擎,854000,0.43%
2025-12-29,3231,緯創,1550000,0.45%
2025-12-29,4958,臻鼎-KY,1738000,0.5%
2025-12-29,3711,日月光投控,318000,0.16%
2025-12-29,2354,鴻準,3209000,0.4%
2025-12-29,3217,優群,306000,0.1%
2025-12-29,8996,高力,1000,0%
2025-12-29,3008,大立光,1000,0.01%
2025-12-29,6510,精測,2000,0.01%
2025-12-29,2357,華碩,1000,0%
2025-12-29,2439,美律,1000,0%
2025-12-29,3045,台灣大,1000,0%
2025-12-29,6139,亞翔,1000,0%
2025-12-29,3081,聯亞,1000,0%
2025-12-29,2327,國巨*,1000,0%
2025-12-29,2884,玉山金,1010,0%
2025-12-29,1303,南亞,5173000,0.61%
2025-12-29,3044,健鼎,143000,0.09%
2025-12-29,3583,辛耘,1000,0%
2025-12-29,3533,嘉澤,252000,0.66%
2025-12-29,5536,聖暉*,512000,0.8%
2025-12-29,6191,精成科,3088000,0.69%
2025-12-29,2330,台積電,3146000,9.67%
2025-12-29,2383,台光電,2037000,6.86%
2025-12-29,3017,奇鋐,2136000,6.63%
2025-12-29,6669,緯穎,683000,5.97%
2025-12-29,2368,金像電,4237000,5.94%
2025-12-29,2345,智邦,2357000,5.76%
2025-12-29,6223,旺矽,1077000,4.83%
2025-12-29,6274,台燿,4737000,4.78%
2025-12-29,3665,貿聯-KY,1532848,4.64%
2025-12-29,3653,健策,704000,3.86%
2025-12-29,2308,台達電,2532000,4.9%
2025-12-29,2454,聯發科,1168000,3.33%
2025-12-29,2317,鴻海,8100000,3.76%
2025-12-29,8358,金居,1668000,0.91%
2025-12-29,2404,漢唐,786000,1.46%
2025-12-29,2059,川湖,232000,1.76%
2025-12-29,5274,信驊,134000,1.91%
2025-12-29,2313,華通,4685000,0.91%
2025-12-29,3661,世芯-KY,362000,2.47%
2025-12-29,8299,群聯,965000,2.6%
2025-12-29,8210,勤誠,1453000,2.88%
2025-12-29,6805,富世達,939000,3.05%
2025-12-29,2449,京元電子,4024000,1.98%
2025-12-30,3217,優群,306000,0.1%
2025-12-30,3715,定穎投控,2198960,0.54%
2025-12-30,4958,臻鼎-KY,1738000,0.49%
2025-12-30,3231,緯創,1550000,0.46%
2025-12-30,3515,華擎,854000,0.42%
2025-12-30,2354,鴻準,3209000,0.4%
2025-12-30,3211,順達,555000,0.38%
2025-12-30,1319,東陽,1574000,0.31%
2025-12-30,6515,穎崴,48000,0.28%
2025-12-30,5347,世界,957000,0.18%
2025-12-30,3044,健鼎,143000,0.09%
2025-12-30,1303,南亞,5173000,0.61%
2025-12-30,2357,華碩,1000,0%
2025-12-30,8996,高力,1000,0%
2025-12-30,2439,美律,1000,0%
2025-12-30,3008,大立光,1000,0%
2025-12-30,3045,台灣大,1000,0%
2025-12-30,6139,亞翔,1000,0%
2025-12-30,3081,聯亞,1000,0%
2025-12-30,2327,國巨*,1000,0%
2025-12-30,2884,玉山金,1010,0%
2025-12-30,3583,辛耘,1000,0%
2025-12-30,3711,日月光投控,1000,0%
2025-12-30,6510,精測,2000,0.01%
2025-12-30,3533,嘉澤,252000,0.65%
2025-12-30,2454,聯發科,1168000,3.34%
2025-12-30,5536,聖暉*,512000,0.8%
2025-12-30,2330,台積電,3146000,9.62%
2025-12-30,2383,台光電,2037000,6.74%
2025-12-30,3017,奇鋐,2136000,6.58%
2025-12-30,6669,緯穎,683000,6.04%
2025-12-30,2368,金像電,4237000,5.9%
2025-12-30,2345,智邦,2357000,5.64%
2025-12-30,2308,台達電,2532000,4.9%
2025-12-30,3665,貿聯-KY,1532848,4.64%
2025-12-30,6274,台燿,4762000,4.63%
2025-12-30,3653,健策,712000,3.95%
2025-12-30,2317,鴻海,8100000,3.72%
2025-12-30,6223,旺矽,1077000,4.91%
2025-12-30,6805,富世達,939000,3.07%
2025-12-30,6191,精成科,3088000,0.68%
2025-12-30,2313,華通,4685000,0.92%
2025-12-30,2404,漢唐,786000,1.44%
2025-12-30,2059,川湖,232000,1.77%
2025-12-30,2449,京元電子,4024000,1.97%
2025-12-30,8358,金居,1668000,0.91%
2025-12-30,8299,群聯,965000,2.6%
2025-12-30,3661,世芯-KY,386000,2.71%
2025-12-30,8210,勤誠,1453000,2.92%
2025-12-30,5274,信驊,134000,2.04%
2025-12-31,3217,優群,306000,0.1%
2025-12-31,3715,定穎投控,1982960,0.5%
2025-12-31,4958,臻鼎-KY,1738000,0.49%
2025-12-31,3231,緯創,1550000,0.46%
2025-12-31,3515,華擎,854000,0.42%
2025-12-31,2354,鴻準,3209000,0.39%
2025-12-31,3211,順達,555000,0.37%
2025-12-31,1319,東陽,1574000,0.3%
2025-12-31,6515,穎崴,48000,0.27%
2025-12-31,5347,世界,957000,0.18%
2025-12-31,3044,健鼎,143000,0.09%
2025-12-31,3711,日月光投控,1000,0%
2025-12-31,2357,華碩,1000,0%
2025-12-31,8996,高力,1000,0%
2025-12-31,2439,美律,1000,0%
2025-12-31,3008,大立光,1000,0%
2025-12-31,3045,台灣大,1000,0%
2025-12-31,6139,亞翔,1000,0%
2025-12-31,3081,聯亞,1000,0%
2025-12-31,2327,國巨*,1000,0%
2025-12-31,2884,玉山金,1010,0%
2025-12-31,3583,辛耘,1000,0%
2025-12-31,1303,南亞,5173000,0.62%
2025-12-31,6510,精測,2000,0.01%
2025-12-31,3533,嘉澤,252000,0.65%
2025-12-31,6191,精成科,3088000,0.69%
2025-12-31,5536,聖暉*,512000,0.79%
2025-12-31,2383,台光電,2037000,6.66%
2025-12-31,3017,奇鋐,2136000,6.41%
2025-12-31,6669,緯穎,693000,6.17%
2025-12-31,2368,金像電,4237000,5.78%
2025-12-31,2345,智邦,2357000,5.55%
2025-12-31,2308,台達電,2532000,4.84%
2025-12-31,6223,旺矽,1077000,4.81%
2025-12-31,6274,台燿,4827000,4.74%
2025-12-31,3665,貿聯-KY,1532848,4.63%
2025-12-31,3653,健策,743000,4.05%
2025-12-31,2317,鴻海,8100000,3.71%
2025-12-31,2330,台積電,3146000,9.69%
2025-12-31,6805,富世達,996000,3.21%
2025-12-31,8210,勤誠,1478000,2.95%
2025-12-31,3661,世芯-KY,408000,2.84%
2025-12-31,8299,群聯,965000,2.78%
2025-12-31,2449,京元電子,4024000,1.98%
2025-12-31,5274,信驊,134000,1.93%
2025-12-31,2059,川湖,232000,1.73%
2025-12-31,2404,漢唐,786000,1.48%
2025-12-31,8358,金居,1668000,0.92%
2025-12-31,2313,華通,4685000,0.87%
2025-12-31,2454,聯發科,1168000,3.32%
2026-01-02,5347,世界,958000,0.17%
2026-01-02,3231,緯創,550000,0.17%
2026-01-02,6515,穎崴,51000,0.29%
2026-01-02,1319,東陽,1575000,0.3%
2026-01-02,3715,定穎投控,2002960,0.5%
2026-01-02,3515,華擎,717000,0.35%
2026-01-02,3211,順達,570000,0.37%
2026-01-02,4958,臻鼎-KY,1739000,0.48%
2026-01-02,2327,國巨*,339000,0.16%
2026-01-02,2354,鴻準,2567000,0.31%
2026-01-02,3217,優群,326000,0.1%
2026-01-02,2357,華碩,2000,0%
2026-01-02,3008,大立光,3000,0.02%
2026-01-02,6510,精測,2000,0.01%
2026-01-02,3044,健鼎,1000,0%
2026-01-02,2439,美律,2000,0%
2026-01-02,3045,台灣大,2000,0%
2026-01-02,3081,聯亞,1000,0%
2026-01-02,2884,玉山金,2010,0%
2026-01-02,3583,辛耘,2000,0%
2026-01-02,3711,日月光投控,2000,0%
2026-01-02,6139,亞翔,470000,0.52%
2026-01-02,8996,高力,51000,0.06%
2026-01-02,1303,南亞,5323000,0.59%
2026-01-02,3533,嘉澤,253000,0.64%
2026-01-02,2330,台積電,3176000,9.8%
2026-01-02,2383,台光電,2077000,6.43%
2026-01-02,6669,緯穎,710000,6.19%
2026-01-02,3017,奇鋐,2166000,6.14%
2026-01-02,2345,智邦,2377000,5.3%
2026-01-02,2368,金像電,4078000,5.11%
2026-01-02,2308,台達電,2602000,5.04%
2026-01-02,6223,旺矽,1103000,4.85%
2026-01-02,3665,貿聯-KY,1562848,4.64%
2026-01-02,6274,台燿,4877000,4.57%
2026-01-02,2317,鴻海,8470000,3.83%
2026-01-02,3653,健策,758000,3.82%
2026-01-02,6191,精成科,3138000,0.68%
2026-01-02,3661,世芯-KY,446000,3.16%
2026-01-02,8299,群聯,1085000,3.05%
2026-01-02,6805,富世達,1016000,3.04%
2026-01-02,8210,勤誠,1498000,2.78%
2026-01-02,2449,京元電子,4104000,2.14%
2026-01-02,5274,信驊,142000,2.01%
2026-01-02,2059,川湖,232000,1.56%
2026-01-02,2404,漢唐,806000,1.51%
2026-01-02,8358,金居,1668000,0.94%
2026-01-02,2313,華通,4735000,0.87%
2026-01-02,5536,聖暉*,513000,0.76%
2026-01-02,2454,聯發科,1238000,3.54%
2026-01-05,3515,華擎,585000,0.28%
2026-01-05,6515,穎崴,51000,0.3%
2026-01-05,1319,東陽,1575000,0.3%
2026-01-05,3211,順達,570000,0.34%
2026-01-05,3533,嘉澤,253000,0.62%
2026-01-05,2327,國巨*,985000,0.46%
2026-01-05,2313,華通,2651000,0.48%
2026-01-05,1303,南亞,5323000,0.57%
2026-01-05,2354,鴻準,1507000,0.18%
2026-01-05,3715,定穎投控,2002960,0.46%
2026-01-05,5347,世界,958000,0.17%
2026-01-05,2357,華碩,2000,0%
2026-01-05,8996,高力,51000,0.06%
2026-01-05,3008,大立光,3000,0.01%
2026-01-05,6510,精測,2000,0.01%
2026-01-05,3044,健鼎,1000,0%
2026-01-05,2439,美律,2000,0%
2026-01-05,4958,臻鼎-KY,1000,0%
2026-01-05,3045,台灣大,2000,0%
2026-01-05,3081,聯亞,1000,0%
2026-01-05,3231,緯創,1000,0%
2026-01-05,2884,玉山金,2010,0%
2026-01-05,6191,精成科,3138000,0.66%
2026-01-05,3217,優群,326000,0.1%
2026-01-05,6139,亞翔,627000,0.72%
2026-01-05,5274,信驊,142000,1.95%
2026-01-05,5536,聖暉*,513000,0.79%
2026-01-05,2330,台積電,3176000,10.24%
2026-01-05,6669,緯穎,710000,6.22%
2026-01-05,2383,台光電,1973000,6.17%
2026-01-05,3017,奇鋐,2166000,6.06%
2026-01-05,2345,智邦,2377000,5.44%
2026-01-05,2308,台達電,2602000,5.07%
2026-01-05,52,富邦科技,9274000,0.72%
2026-01-05,3665,貿聯-KY,1562848,4.75%
2026-01-05,6274,台燿,4877000,4.47%
2026-01-05,6223,旺矽,1069000,4.44%
2026-01-05,2454,聯發科,1383000,4.07%
2026-01-05,2368,金像電,3885000,4.76%
2026-01-05,3653,健策,758000,3.79%
2026-01-05,2317,鴻海,8470000,3.84%
2026-01-05,2449,京元電子,2133000,1.08%
2026-01-05,2059,川湖,232000,1.44%
2026-01-05,50,元大台灣50,10871000,1.46%
2026-01-05,2404,漢唐,806000,1.54%
2026-01-05,8358,金居,1668000,0.88%
2026-01-05,8210,勤誠,1498000,2.77%
2026-01-05,6805,富世達,1016000,2.92%
2026-01-05,3661,世芯-KY,446000,3.14%
2026-01-05,8299,群聯,1294000,3.67%
2026-01-06,1303,南亞,6170000,0.69%
2026-01-06,6191,精成科,3138000,0.65%
2026-01-06,3533,嘉澤,253000,0.61%
2026-01-06,2313,華通,2651000,0.52%
2026-01-06,3715,定穎投控,2002960,0.45%
2026-01-06,3211,順達,570000,0.34%
2026-01-06,6515,穎崴,51000,0.3%
2026-01-06,1319,東陽,1575000,0.28%
2026-01-06,3515,華擎,423000,0.19%
2026-01-06,5347,世界,958000,0.18%
2026-01-06,3217,優群,326000,0.1%
2026-01-06,52,富邦科技,9274000,0.72%
2026-01-06,2354,鴻準,172000,0.02%
2026-01-06,3008,大立光,3000,0.01%
2026-01-06,6510,精測,2000,0.01%
2026-01-06,3044,健鼎,1000,0%
2026-01-06,2357,華碩,2000,0%
2026-01-06,2439,美律,2000,0%
2026-01-06,4958,臻鼎-KY,1000,0%
2026-01-06,3045,台灣大,2000,0%
2026-01-06,3081,聯亞,1000,0%
2026-01-06,3231,緯創,1000,0%
2026-01-06,2884,玉山金,2010,0%
2026-01-06,8996,高力,51000,0.06%
2026-01-06,6139,亞翔,627000,0.72%
2026-01-06,2330,台積電,3112000,10.05%
2026-01-06,5536,聖暉*,513000,0.79%
2026-01-06,2383,台光電,1973000,6.33%
2026-01-06,6669,緯穎,710000,6.2%
2026-01-06,3017,奇鋐,2166000,5.84%
2026-01-06,2345,智邦,2436000,5.72%
2026-01-06,2308,台達電,2602000,5.17%
2026-01-06,2368,金像電,3885000,4.87%
2026-01-06,3665,貿聯-KY,1562848,4.66%
2026-01-06,6274,台燿,4877000,4.4%
2026-01-06,6223,旺矽,1069000,4.35%
2026-01-06,8299,群聯,1358000,4.15%
2026-01-06,2454,聯發科,1383000,3.89%
2026-01-06,2327,國巨*,1564000,0.75%
2026-01-06,2317,鴻海,8470000,3.78%
2026-01-06,3661,世芯-KY,458000,3.24%
2026-01-06,6805,富世達,1016000,2.83%
2026-01-06,8210,勤誠,1498000,2.81%
2026-01-06,5274,信驊,142000,1.94%
2026-01-06,2404,漢唐,806000,1.56%
2026-01-06,50,元大台灣50,10871000,1.45%
2026-01-06,2059,川湖,232000,1.41%
2026-01-06,2449,京元電子,2133000,1.08%
2026-01-06,8358,金居,1668000,0.86%
2026-01-06,3653,健策,758000,3.79%
2026-01-07,3515,華擎,423000,0.2%
2026-01-07,1319,東陽,1575000,0.28%
2026-01-07,3211,順達,570000,0.34%
2026-01-07,3715,定穎投控,2002960,0.45%
2026-01-07,2337,旺宏,6038000,0.66%
2026-01-07,2313,華通,2651000,0.56%
2026-01-07,3533,嘉澤,253000,0.65%
2026-01-07,6191,精成科,3138000,0.66%
2026-01-07,3217,優群,326000,0.1%
2026-01-07,6515,穎崴,74000,0.47%
2026-01-07,8996,高力,51000,0.06%
2026-01-07,2439,美律,2000,0%
2026-01-07,6510,精測,2000,0.01%
2026-01-07,3044,健鼎,1000,0%
2026-01-07,2357,華碩,2000,0%
2026-01-07,4958,臻鼎-KY,1000,0%
2026-01-07,3045,台灣大,2000,0%
2026-01-07,2354,鴻準,1000,0%
2026-01-07,3081,聯亞,1000,0%
2026-01-07,3231,緯創,1000,0%
2026-01-07,2884,玉山金,2010,0%
2026-01-07,6139,亞翔,627000,0.71%
2026-01-07,3008,大立光,3000,0.01%
2026-01-07,52,富邦科技,9274000,0.72%
2026-01-07,5536,聖暉*,513000,0.78%
2026-01-07,2330,台積電,3112000,9.93%
2026-01-07,8358,金居,1668000,0.85%
2026-01-07,6669,緯穎,710000,6.32%
2026-01-07,2345,智邦,2496000,5.73%
2026-01-07,3017,奇鋐,2166000,5.67%
2026-01-07,2308,台達電,2656000,5.21%
2026-01-07,2368,金像電,3885000,4.76%
2026-01-07,2383,台光電,1578000,4.75%
2026-01-07,8299,群聯,1358000,4.33%
2026-01-07,6274,台燿,4877000,4.32%
2026-01-07,3665,貿聯-KY,1483848,4.04%
2026-01-07,2454,聯發科,1383000,3.92%
2026-01-07,6223,旺矽,1069000,4.39%
2026-01-07,3653,健策,758000,3.59%
2026-01-07,2317,鴻海,8470000,3.85%
2026-01-07,2449,京元電子,2133000,1.08%
2026-01-07,2327,國巨*,2321000,1.12%
2026-01-07,2059,川湖,232000,1.44%
2026-01-07,50,元大台灣50,10871000,1.45%
2026-01-07,1303,南亞,7149000,0.88%
2026-01-07,5274,信驊,142000,2%
2026-01-07,6805,富世達,1016000,2.72%
2026-01-07,8210,勤誠,1498000,2.78%
2026-01-07,3661,世芯-KY,458000,3.21%
2026-01-07,2404,漢唐,806000,1.54%
2026-01-08,1319,東陽,1575000,0.29%
2026-01-08,52,富邦科技,9274000,0.72%
2026-01-08,6139,亞翔,627000,0.71%
2026-01-08,6191,精成科,3138000,0.65%
2026-01-08,2313,華通,2651000,0.53%
2026-01-08,3715,定穎投控,2002960,0.49%
2026-01-08,2449,京元電子,955000,0.48%
2026-01-08,6515,穎崴,74000,0.45%
2026-01-08,3211,順達,570000,0.33%
2026-01-08,5269,祥碩,137000,0.33%
2026-01-08,3515,華擎,423000,0.2%
2026-01-08,5536,聖暉*,513000,0.77%
2026-01-08,8996,高力,51000,0.06%
2026-01-08,3008,大立光,3000,0.01%
2026-01-08,6510,精測,2000,0.01%
2026-01-08,3044,健鼎,1000,0%
2026-01-08,2357,華碩,2000,0%
2026-01-08,2439,美律,2000,0%
2026-01-08,4958,臻鼎-KY,1000,0%
2026-01-08,3045,台灣大,2000,0%
2026-01-08,2354,鴻準,1000,0%
2026-01-08,3081,聯亞,1000,0%
2026-01-08,3231,緯創,1000,0%
2026-01-08,3217,優群,326000,0.1%
2026-01-08,1303,南亞,7149000,0.92%
2026-01-08,2330,台積電,3112000,10.02%
2026-01-08,8358,金居,2026000,0.99%
2026-01-08,2337,旺宏,7759000,0.94%
2026-01-08,6669,緯穎,710000,6.31%
2026-01-08,2345,智邦,2526000,6.11%
2026-01-08,3017,奇鋐,2230000,5.78%
2026-01-08,2308,台達電,2656000,5.13%
2026-01-08,2368,金像電,3885000,4.69%
2026-01-08,8299,群聯,1358000,4.41%
2026-01-08,6274,台燿,4877000,4.35%
2026-01-08,6223,旺矽,1069000,4.33%
2026-01-08,3665,貿聯-KY,1483848,4%
2026-01-08,2454,聯發科,1383000,3.82%
2026-01-08,2383,台光電,1578000,4.66%
2026-01-08,3653,健策,758000,3.54%
2026-01-08,3661,世芯-KY,458000,3.15%
2026-01-08,8210,勤誠,1513000,2.66%
2026-01-08,6805,富世達,1016000,2.65%
2026-01-08,5274,信驊,142000,2.08%
2026-01-08,2404,漢唐,806000,1.56%
2026-01-08,50,元大台灣50,10871000,1.46%
2026-01-08,2059,川湖,232000,1.4%
2026-01-08,2327,國巨*,2321000,1.05%
2026-01-08,2317,鴻海,8470000,3.72%
2026-01-08,3533,嘉澤,376000,1.01%
2026-01-09,3211,順達,570000,0.33%
2026-01-09,2449,京元電子,955000,0.48%
2026-01-09,3715,定穎投控,2002960,0.53%
2026-01-09,5269,祥碩,209000,0.56%
2026-01-09,6139,亞翔,627000,0.72%
2026-01-09,6515,穎崴,91000,0.61%
2026-01-09,6191,精成科,3138000,0.68%
2026-01-09,52,富邦科技,9274000,0.72%
2026-01-09,1319,東陽,1575000,0.28%
2026-01-09,2313,華通,2651000,0.58%
2026-01-09,3515,華擎,423000,0.2%
2026-01-09,2354,鴻準,1000,0%
2026-01-09,1605,華新,2551000,0.18%
2026-01-09,3217,優群,326000,0.1%
2026-01-09,8996,高力,51000,0.06%
2026-01-09,3008,大立光,3000,0.01%
2026-01-09,6510,精測,2000,0.01%
2026-01-09,3044,健鼎,1000,0%
2026-01-09,2357,華碩,2000,0%
2026-01-09,2439,美律,2000,0%
2026-01-09,4958,臻鼎-KY,1000,0%
2026-01-09,3045,台灣大,2000,0%
2026-01-09,5536,聖暉*,513000,0.75%
2026-01-09,3376,新日興,454000,0.2%
2026-01-09,1303,南亞,7149000,0.84%
2026-01-09,2337,旺宏,8886000,0.99%
2026-01-09,8358,金居,2026000,1%
2026-01-09,3017,奇鋐,2290000,6%
2026-01-09,2345,智邦,2526000,5.85%
2026-01-09,6669,緯穎,710000,5.74%
2026-01-09,2308,台達電,2656000,5.14%
2026-01-09,2368,金像電,3885000,4.72%
2026-01-09,2383,台光電,1578000,4.71%
2026-01-09,6223,旺矽,1069000,4.54%
2026-01-09,6274,台燿,4877000,4.33%
2026-01-09,8299,群聯,1358000,4.22%
2026-01-09,3665,貿聯-KY,1483848,4.03%
2026-01-09,2454,聯發科,1383000,3.74%
2026-01-09,2330,台積電,3112000,9.97%
2026-01-09,3653,健策,758000,3.71%
2026-01-09,3661,世芯-KY,458000,3.12%
2026-01-09,6805,富世達,1016000,2.64%
2026-01-09,8210,勤誠,1513000,2.62%
2026-01-09,5274,信驊,142000,2.08%
2026-01-09,2404,漢唐,806000,1.53%
2026-01-09,2059,川湖,232000,1.47%
2026-01-09,50,元大台灣50,10871000,1.45%
2026-01-09,2327,國巨*,2321000,1.07%
2026-01-09,3533,嘉澤,376000,1.01%
2026-01-09,2317,鴻海,8470000,3.72%
2026-01-12,1605,華新,4454000,0.33%
2026-01-12,2449,京元電子,955000,0.49%
2026-01-12,3715,定穎投控,2002960,0.55%
2026-01-12,6515,穎崴,91000,0.6%
2026-01-12,52,富邦科技,9274000,0.72%
2026-01-12,5269,祥碩,262000,0.68%
2026-01-12,6139,亞翔,627000,0.69%
2026-01-12,6191,精成科,3238000,0.71%
2026-01-12,3211,順達,570000,0.32%
2026-01-12,2313,華通,2651000,0.64%
2026-01-12,1319,東陽,1575000,0.28%
2026-01-12,3008,大立光,3000,0.01%
2026-01-12,3515,華擎,296000,0.13%
2026-01-12,3217,優群,326000,0.1%
2026-01-12,8996,高力,51000,0.07%
2026-01-12,6510,精測,2000,0.01%
2026-01-12,3044,健鼎,1000,0%
2026-01-12,2357,華碩,2000,0%
2026-01-12,2439,美律,2000,0%
2026-01-12,4958,臻鼎-KY,1000,0%
2026-01-12,3045,台灣大,2000,0%
2026-01-12,5536,聖暉*,513000,0.77%
2026-01-12,3376,新日興,454000,0.2%
2026-01-12,1303,南亞,7149000,0.87%
2026-01-12,2354,鴻準,1000,0%
2026-01-12,3533,嘉澤,376000,1.02%
2026-01-12,2330,台積電,3112000,9.94%
2026-01-12,3017,奇鋐,2290000,5.86%
2026-01-12,2345,智邦,2526000,5.75%
2026-01-12,6669,緯穎,710000,5.5%
2026-01-12,2308,台達電,2679000,5.34%
2026-01-12,2368,金像電,3885000,4.89%
2026-01-12,2383,台光電,1578000,4.8%
2026-01-12,8299,群聯,1358000,4.56%
2026-01-12,6223,旺矽,1069000,4.45%
2026-01-12,6274,台燿,4877000,4.38%
2026-01-12,3665,貿聯-KY,1483848,3.91%
2026-01-12,8358,金居,2026000,0.98%
2026-01-12,2317,鴻海,8470000,3.66%
2026-01-12,3653,健策,758000,3.63%
2026-01-12,3661,世芯-KY,458000,3.14%
2026-01-12,8210,勤誠,1513000,2.61%
2026-01-12,6805,富世達,1016000,2.55%
2026-01-12,5274,信驊,142000,2.16%
2026-01-12,2404,漢唐,806000,1.5%
2026-01-12,2059,川湖,232000,1.48%
2026-01-12,50,元大台灣50,10871000,1.45%
2026-01-12,2327,國巨*,2972000,1.39%
2026-01-12,2337,旺宏,8886000,1.03%
2026-01-12,2454,聯發科,1383000,3.78%
2026-01-13,1605,華新,4454000,0.35%
2026-01-13,2449,京元電子,955000,0.49%
2026-01-13,6515,穎崴,91000,0.6%
2026-01-13,5269,祥碩,262000,0.65%
2026-01-13,5536,聖暉*,513000,0.79%
2026-01-13,6191,精成科,3238000,0.7%
2026-01-13,52,富邦科技,9274000,0.73%
2026-01-13,6139,亞翔,668000,0.76%
2026-01-13,3211,順達,570000,0.32%
2026-01-13,2313,華通,2651000,0.68%
2026-01-13,1319,東陽,1575000,0.29%
2026-01-13,3044,健鼎,1000,0%
2026-01-13,3217,優群,326000,0.1%
2026-01-13,8996,高力,51000,0.07%
2026-01-13,3008,大立光,3000,0.01%
2026-01-13,6510,精測,2000,0.01%
2026-01-13,2357,華碩,2000,0%
2026-01-13,2439,美律,2000,0%
2026-01-13,4958,臻鼎-KY,1000,0%
2026-01-13,3045,台灣大,2000,0%
2026-01-13,3081,聯亞,1000,0%
2026-01-13,2884,玉山金,2010,0%
2026-01-13,1303,南亞,7149000,0.85%
2026-01-13,3376,新日興,454000,0.19%
2026-01-13,3715,定穎投控,1960,0%
2026-01-13,3533,嘉澤,376000,0.97%
2026-01-13,2337,旺宏,8886000,1.03%
2026-01-13,8358,金居,2026000,0.97%
2026-01-13,2330,台積電,3112000,10.12%
2026-01-13,3017,奇鋐,2290000,5.86%
2026-01-13,2345,智邦,2526000,5.67%
2026-01-13,6669,緯穎,710000,5.27%
2026-01-13,2308,台達電,2679000,5.25%
2026-01-13,2368,金像電,3885000,4.84%
2026-01-13,6223,旺矽,1069000,4.63%
2026-01-13,8299,群聯,1358000,4.57%
2026-01-13,6274,台燿,4877000,4.44%
2026-01-13,3665,貿聯-KY,1483848,4.01%
2026-01-13,2383,台光電,1578000,4.91%
2026-01-13,2454,聯發科,1244000,3.51%
2026-01-13,2317,鴻海,8470000,3.65%
2026-01-13,2059,川湖,232000,1.46%
2026-01-13,2404,漢唐,806000,1.66%
2026-01-13,2327,國巨*,3748000,1.86%
2026-01-13,5274,信驊,142000,2.16%
2026-01-13,50,元大台灣50,10871000,1.46%
2026-01-13,8210,勤誠,1513000,2.74%
2026-01-13,3661,世芯-KY,458000,3.2%
2026-01-13,3653,健策,758000,3.45%
2026-01-13,6805,富世達,1016000,2.5%
2026-01-14,3376,新日興,454000,0.19%
2026-01-14,52,富邦科技,9274000,0.72%
2026-01-14,6191,精成科,3238000,0.7%
2026-01-14,5269,祥碩,262000,0.66%
2026-01-14,2313,華通,2651000,0.66%
2026-01-14,6515,穎崴,91000,0.6%
2026-01-14,1605,華新,4454000,0.34%
2026-01-14,3211,順達,570000,0.32%
2026-01-14,6488,環球晶,321000,0.31%
2026-01-14,1319,東陽,1575000,0.29%
2026-01-14,3217,優群,326000,0.1%
2026-01-14,6139,亞翔,668000,0.77%
2026-01-14,3008,大立光,3000,0.01%
2026-01-14,6510,精測,2000,0.01%
2026-01-14,3044,健鼎,1000,0%
2026-01-14,2357,華碩,2000,0%
2026-01-14,8996,高力,1000,0%
2026-01-14,2439,美律,2000,0%
2026-01-14,4958,臻鼎-KY,1000,0%
2026-01-14,3045,台灣大,2000,0%
2026-01-14,2884,玉山金,2010,0%
2026-01-14,2449,京元電子,1000,0%
2026-01-14,5536,聖暉*,41000,0.06%
2026-01-14,1303,南亞,7149000,0.86%
2026-01-14,3715,定穎投控,1960,0%
2026-01-14,8358,金居,2026000,1%
2026-01-14,2330,台積電,3065000,9.89%
2026-01-14,3017,奇鋐,2290000,6.13%
2026-01-14,2345,智邦,2526000,5.79%
2026-01-14,2308,台達電,2679000,5.36%
2026-01-14,6669,緯穎,710000,5.3%
2026-01-14,2368,金像電,3885000,4.97%
2026-01-14,2383,台光電,1578000,4.97%
2026-01-14,6223,旺矽,1069000,4.73%
2026-01-14,8299,群聯,1358000,4.55%
2026-01-14,6274,台燿,4877000,4.46%
2026-01-14,3665,貿聯-KY,1483848,4.19%
2026-01-14,3533,嘉澤,376000,0.99%
2026-01-14,2454,聯發科,1244000,3.52%
2026-01-14,2317,鴻海,8470000,3.75%
2026-01-14,50,元大台灣50,10871000,1.45%
2026-01-14,2059,川湖,232000,1.46%
2026-01-14,2404,漢唐,806000,1.75%
2026-01-14,2327,國巨*,4077000,2.14%
2026-01-14,2337,旺宏,8886000,1.01%
2026-01-14,6805,富世達,1016000,2.49%
2026-01-14,8210,勤誠,1513000,2.79%
2026-01-14,3661,世芯-KY,458000,2.99%
2026-01-14,3653,健策,758000,3.5%
2026-01-14,5274,信驊,142000,2.17%
2026-01-15,3376,新日興,454000,0.19%
2026-01-15,6139,亞翔,668000,0.77%
2026-01-15,52,富邦科技,9274000,0.73%
2026-01-15,6191,精成科,3238000,0.72%
2026-01-15,5269,祥碩,262000,0.67%
2026-01-15,1319,東陽,1875000,0.38%
2026-01-15,1605,華新,4454000,0.38%
2026-01-15,3211,順達,570000,0.32%
2026-01-15,6488,環球晶,321000,0.3%
2026-01-15,3217,優群,326000,0.11%
2026-01-15,8996,高力,1000,0%
2026-01-15,3008,大立光,3000,0.01%
2026-01-15,6510,精測,2000,0.01%
2026-01-15,3044,健鼎,1000,0%
2026-01-15,2357,華碩,2000,0%
2026-01-15,1303,南亞,7149000,0.95%
2026-01-15,2439,美律,2000,0%
2026-01-15,4958,臻鼎-KY,1000,0%
2026-01-15,3045,台灣大,2000,0%
2026-01-15,2884,玉山金,2010,0%
2026-01-15,2449,京元電子,1000,0%
2026-01-15,3715,定穎投控,1960,0%
2026-01-15,5536,聖暉*,41000,0.06%
2026-01-15,3533,嘉澤,376000,0.99%
2026-01-15,6515,穎崴,91000,0.6%
2026-01-15,2337,旺宏,8886000,1.05%
2026-01-15,2330,台積電,3065000,9.91%
2026-01-15,3017,奇鋐,2290000,6.05%
2026-01-15,2345,智邦,2526000,5.99%
2026-01-15,6669,緯穎,722000,5.45%
2026-01-15,2308,台達電,2679000,5.36%
2026-01-15,2368,金像電,3885000,4.97%
2026-01-15,8299,群聯,1358000,4.66%
2026-01-15,6274,台燿,4976000,4.58%
2026-01-15,2383,台光電,1499000,4.5%
2026-01-15,3665,貿聯-KY,1483848,4.17%
2026-01-15,6223,旺矽,962000,4.1%
2026-01-15,8358,金居,2026000,1.04%
2026-01-15,2317,鴻海,6860000,3.06%
2026-01-15,3661,世芯-KY,458000,2.91%
2026-01-15,8210,勤誠,1513000,2.7%
2026-01-15,6805,富世達,1016000,2.49%
2026-01-15,5274,信驊,142000,2.38%
2026-01-15,2327,國巨*,4457000,2.33%
2026-01-15,2454,聯發科,733000,2.09%
2026-01-15,2404,漢唐,806000,1.77%
2026-01-15,50,元大台灣50,10871000,1.47%
2026-01-15,2059,川湖,197000,1.28%
2026-01-15,2313,華通,4508000,1.22%
2026-01-15,3653,健策,758000,3.45%
2026-01-16,3037,欣興,822000,0.43%
2026-01-16,1815,富喬,2638000,0.5%
2026-01-16,1319,東陽,2563000,0.55%
2026-01-16,8046,南電,1032000,0.57%
2026-01-16,6515,穎崴,135000,0.91%
2026-01-16,6191,精成科,3238000,0.73%
2026-01-16,52,富邦科技,9274000,0.74%
2026-01-16,6139,亞翔,668000,0.74%
2026-01-16,1605,華新,4454000,0.36%
2026-01-16,5269,祥碩,262000,0.65%
2026-01-16,3211,順達,570000,0.31%
2026-01-16,3008,大立光,3000,0.01%
2026-01-16,3376,新日興,454000,0.19%
2026-01-16,1802,台玻,2065000,0.16%
2026-01-16,3217,優群,326000,0.1%
2026-01-16,5536,聖暉*,17000,0.03%
2026-01-16,6510,精測,2000,0.01%
2026-01-16,2357,華碩,2000,0%
2026-01-16,8996,高力,1000,0%
2026-01-16,2439,美律,2000,0%
2026-01-16,4958,臻鼎-KY,1000,0%
2026-01-16,3045,台灣大,2000,0%
2026-01-16,2059,川湖,147000,0.96%
2026-01-16,6488,環球晶,321000,0.29%
2026-01-16,2884,玉山金,2010,0%
2026-01-16,3533,嘉澤,376000,0.98%
2026-01-16,8358,金居,2026000,1.05%
2026-01-16,2330,台積電,3065000,10.17%
2026-01-16,3017,奇鋐,2290000,5.94%
2026-01-16,2345,智邦,2526000,5.92%
2026-01-16,2308,台達電,2679000,5.75%
2026-01-16,6669,緯穎,722000,5.27%
2026-01-16,2368,金像電,3885000,5.02%
2026-01-16,8299,群聯,1358000,4.89%
2026-01-16,6274,台燿,5074000,4.76%
2026-01-16,2383,台光電,1499000,4.65%
2026-01-16,6223,旺矽,962000,4.22%
2026-01-16,3665,貿聯-KY,1483848,3.96%
2026-01-16,1303,南亞,7149000,1.01%
2026-01-16,3661,世芯-KY,458000,2.92%
2026-01-16,8210,勤誠,1513000,2.68%
2026-01-16,2327,國巨*,4804000,2.59%
2026-01-16,6805,富世達,1016000,2.56%
2026-01-16,5274,信驊,142000,2.36%
2026-01-16,2454,聯發科,733000,2.1%
2026-01-16,50,元大台灣50,10871000,1.49%
2026-01-16,2313,華通,5013000,1.36%
2026-01-16,2317,鴻海,2937000,1.31%
2026-01-16,2337,旺宏,8886000,1.14%
2026-01-16,3653,健策,767000,3.52%
2026-01-19,3376,新日興,727000,0.32%
2026-01-19,6488,環球晶,470000,0.45%
2026-01-19,1319,東陽,2563000,0.55%
2026-01-19,5269,祥碩,262000,0.66%
2026-01-19,1815,富喬,4454000,0.94%
2026-01-19,6139,亞翔,668000,0.77%
2026-01-19,6515,穎崴,135000,0.91%
2026-01-19,2059,川湖,147000,0.94%
2026-01-19,3211,順達,570000,0.31%
2026-01-19,6191,精成科,3238000,0.72%
2026-01-19,1802,台玻,2065000,0.18%
2026-01-19,8996,高力,1000,0%
2026-01-19,5536,聖暉*,17000,0.02%
2026-01-19,3008,大立光,3000,0.01%
2026-01-19,6510,精測,2000,0.01%
2026-01-19,2357,華碩,2000,0%
2026-01-19,2439,美律,2000,0%
2026-01-19,3045,台灣大,2000,0%
2026-01-19,2884,玉山金,2010,0%
2026-01-19,2449,京元電子,1000,0%
2026-01-19,3715,定穎投控,1960,0%
2026-01-19,3533,嘉澤,376000,1.04%
2026-01-19,3711,日月光投控,2000,0%
2026-01-19,3217,優群,326000,0.1%
2026-01-19,3583,辛耘,2000,0%
2026-01-19,3037,欣興,1866000,1.09%
2026-01-19,1303,南亞,7149000,1.1%
2026-01-19,8358,金居,2026000,1.09%
2026-01-19,2330,台積電,3065000,10.46%
2026-01-19,2308,台達電,2679000,5.82%
2026-01-19,2345,智邦,2526000,5.71%
2026-01-19,3017,奇鋐,2290000,5.69%
2026-01-19,8299,群聯,1358000,5.22%
2026-01-19,6274,台燿,5074000,4.63%
2026-01-19,2383,台光電,1499000,4.59%
2026-01-19,6223,旺矽,962000,4.32%
2026-01-19,2368,金像電,3321000,4.02%
2026-01-19,3665,貿聯-KY,1483848,3.78%
2026-01-19,6669,緯穎,722000,5.21%
2026-01-19,2327,國巨*,5677000,3.25%
2026-01-19,3653,健策,767000,3.61%
2026-01-19,2317,鴻海,2878000,1.28%
2026-01-19,2313,華通,5013000,1.4%
2026-01-19,8046,南電,2420000,1.49%
2026-01-19,2454,聯發科,733000,2.11%
2026-01-19,2337,旺宏,8886000,1.27%
2026-01-19,6805,富世達,1016000,2.52%
2026-01-19,8210,勤誠,1513000,2.65%
2026-01-19,3661,世芯-KY,458000,3.05%
2026-01-19,5274,信驊,142000,2.42%
2026-01-20,6510,精測,47000,0.25%
2026-01-20,6139,亞翔,668000,0.75%
2026-01-20,6191,精成科,3238000,0.72%
2026-01-20,6415,矽力*-KY,1474000,0.72%
2026-01-20,5269,祥碩,262000,0.66%
2026-01-20,1319,東陽,2563000,0.54%
2026-01-20,6488,環球晶,470000,0.46%
2026-01-20,2317,鴻海,901000,0.39%
2026-01-20,3376,新日興,727000,0.33%
2026-01-20,3211,順達,570000,0.32%
2026-01-20,1802,台玻,2065000,0.2%
2026-01-20,1815,富喬,4454000,0.94%
2026-01-20,5536,聖暉*,17000,0.02%
2026-01-20,3008,大立光,3000,0.01%
2026-01-20,2357,華碩,2000,0%
2026-01-20,8996,高力,1000,0%
2026-01-20,2439,美律,2000,0%
2026-01-20,3045,台灣大,2000,0%
2026-01-20,2884,玉山金,2010,0%
2026-01-20,2449,京元電子,1000,0%
2026-01-20,3715,定穎投控,1960,0%
2026-01-20,3583,辛耘,2000,0%
2026-01-20,3217,優群,326000,0.1%
2026-01-20,3533,嘉澤,376000,1.04%
2026-01-20,1303,南亞,1601000,0.24%
2026-01-20,8358,金居,2026000,1.11%
2026-01-20,2308,台達電,2679000,5.88%
2026-01-20,2345,智邦,2526000,5.81%
2026-01-20,3017,奇鋐,2290000,5.76%
2026-01-20,8299,群聯,1358000,5.29%
2026-01-20,6669,緯穎,722000,5.14%
2026-01-20,2383,台光電,1499000,4.7%
2026-01-20,6274,台燿,5074000,4.68%
2026-01-20,6223,旺矽,962000,4.57%
2026-01-20,2368,金像電,3321000,4.06%
2026-01-20,3665,貿聯-KY,1483848,3.86%
2026-01-20,3653,健策,767000,3.66%
2026-01-20,2330,台積電,3065000,10.56%
2026-01-20,2327,國巨*,5677000,3.19%
2026-01-20,3661,世芯-KY,458000,3.02%
2026-01-20,8210,勤誠,1513000,2.64%
2026-01-20,6805,富世達,1016000,2.53%
2026-01-20,5274,信驊,142000,2.38%
2026-01-20,2454,聯發科,733000,2.11%
2026-01-20,8046,南電,2965000,1.97%
2026-01-20,2313,華通,5013000,1.44%
2026-01-20,6515,穎崴,193000,1.4%
2026-01-20,2337,旺宏,8886000,1.32%
2026-01-20,3037,欣興,1866000,1.12%
2026-01-20,2059,川湖,147000,1.04%
2026-01-21,6510,精測,47000,0.28%
2026-01-21,2337,旺宏,2110000,0.31%
2026-01-21,3211,順達,570000,0.32%
2026-01-21,3376,新日興,727000,0.33%
2026-01-21,6191,精成科,3238000,0.72%
2026-01-21,6488,環球晶,470000,0.46%
2026-01-21,1319,東陽,2563000,0.56%
2026-01-21,5269,祥碩,262000,0.64%
2026-01-21,1802,台玻,2065000,0.22%
2026-01-21,2317,鴻海,901000,0.39%
2026-01-21,3217,優群,326000,0.1%
2026-01-21,3045,台灣大,2000,0%
2026-01-21,3008,大立光,3000,0.01%
2026-01-21,2357,華碩,2000,0%
2026-01-21,8996,高力,1000,0%
2026-01-21,2439,美律,2000,0%
2026-01-21,2454,聯發科,1000,0%
2026-01-21,2884,玉山金,2010,0%
2026-01-21,2449,京元電子,1000,0%
2026-01-21,3715,定穎投控,1960,0%
2026-01-21,1303,南亞,1000,0%
2026-01-21,3583,辛耘,2000,0%
2026-01-21,6139,亞翔,668000,0.74%
2026-01-21,5536,聖暉*,17000,0.02%
2026-01-21,6415,矽力*-KY,1474000,0.79%
2026-01-21,1815,富喬,4454000,0.92%
2026-01-21,3533,嘉澤,376000,0.99%
2026-01-21,2330,台積電,2973000,10.28%
2026-01-21,2308,台達電,2679000,6.04%
2026-01-21,8299,群聯,1560000,5.9%
2026-01-21,3017,奇鋐,2290000,5.82%
2026-01-21,2345,智邦,2526000,5.77%
2026-01-21,6669,緯穎,722000,5.17%
2026-01-21,6274,台燿,5074000,4.67%
2026-01-21,2383,台光電,1352000,4.19%
2026-01-21,3665,貿聯-KY,1483848,3.83%
2026-01-21,3653,健策,767000,3.55%
2026-01-21,2368,金像電,2797000,3.31%
2026-01-21,6223,旺矽,962000,4.7%
2026-01-21,3661,世芯-KY,458000,2.95%
2026-01-21,2327,國巨*,5677000,3.13%
2026-01-21,8358,金居,2026000,1.14%
2026-01-21,3037,欣興,1866000,1.19%
2026-01-21,2313,華通,5013000,1.44%
2026-01-21,6515,穎崴,193000,1.47%
2026-01-21,2059,川湖,147000,1.03%
2026-01-21,6805,富世達,1016000,2.59%
2026-01-21,8046,南電,3788000,2.72%
2026-01-21,8210,勤誠,1513000,2.73%
2026-01-21,5274,信驊,142000,2.35%
2026-01-22,3217,優群,326000,0.1%
2026-01-22,6191,精成科,3238000,0.73%
2026-01-22,6139,亞翔,668000,0.72%
2026-01-22,5269,祥碩,262000,0.62%
2026-01-22,1319,東陽,2563000,0.55%
2026-01-22,3211,順達,570000,0.34%
2026-01-22,3376,新日興,727000,0.31%
2026-01-22,2337,旺宏,2110000,0.3%
2026-01-22,6510,精測,47000,0.26%
2026-01-22,1802,台玻,2065000,0.2%
2026-01-22,5536,聖暉*,17000,0.02%
2026-01-22,3583,辛耘,2000,0%
2026-01-22,2357,華碩,2000,0%
2026-01-22,8996,高力,1000,0%
2026-01-22,2439,美律,2000,0%
2026-01-22,3045,台灣大,2000,0%
2026-01-22,2454,聯發科,1000,0%
2026-01-22,2884,玉山金,2010,0%
2026-01-22,2449,京元電子,1000,0%
2026-01-22,2317,鴻海,1000,0%
2026-01-22,3715,定穎投控,1960,0%
2026-01-22,1303,南亞,1000,0%
2026-01-22,6415,矽力*-KY,1474000,0.74%
2026-01-22,3008,大立光,3000,0.01%
2026-01-22,6488,環球晶,766000,0.75%
2026-01-22,1815,富喬,4454000,0.85%
2026-01-22,2059,川湖,147000,0.99%
2026-01-22,2308,台達電,3094000,7.44%
2026-01-22,8299,群聯,1848000,7.33%
2026-01-22,3017,奇鋐,2290000,5.99%
2026-01-22,2345,智邦,2526000,5.61%
2026-01-22,6669,緯穎,722000,5.25%
2026-01-22,6274,台燿,5399000,5.07%
2026-01-22,6223,旺矽,962000,4.49%
2026-01-22,2383,台光電,1352000,4.33%
2026-01-22,3665,貿聯-KY,1483848,4.07%
2026-01-22,3653,健策,767000,3.79%
2026-01-22,2327,國巨*,6551000,3.75%
2026-01-22,2330,台積電,2913000,9.9%
2026-01-22,3661,世芯-KY,458000,2.9%
2026-01-22,6805,富世達,1016000,2.77%
2026-01-22,8210,勤誠,1513000,2.75%
2026-01-22,8046,南電,3788000,2.71%
2026-01-22,5274,信驊,142000,2.39%
2026-01-22,2313,華通,5013000,1.51%
2026-01-22,6515,穎崴,193000,1.4%
2026-01-22,3037,欣興,1866000,1.18%
2026-01-22,8358,金居,2026000,1.15%
2026-01-22,3533,嘉澤,376000,1.06%
2026-01-22,2368,金像電,2797000,3.38%
2026-01-23,5536,聖暉*,17000,0.02%
2026-01-23,3217,優群,326000,0.1%
2026-01-23,1802,台玻,2065000,0.2%
2026-01-23,6510,精測,47000,0.26%
2026-01-23,6139,亞翔,668000,0.7%
2026-01-23,3211,順達,570000,0.35%
2026-01-23,1319,東陽,2563000,0.53%
2026-01-23,5269,祥碩,262000,0.67%
2026-01-23,3008,大立光,3000,0.01%
2026-01-23,3376,新日興,727000,0.31%
2026-01-23,2357,華碩,2000,0%
2026-01-23,2884,玉山金,2010,0%
2026-01-23,2439,美律,2000,0%
2026-01-23,3045,台灣大,2000,0%
2026-01-23,2454,聯發科,1000,0%
2026-01-23,2449,京元電子,1000,0%
2026-01-23,2317,鴻海,1000,0%
2026-01-23,3715,定穎投控,1960,0%
2026-01-23,1303,南亞,1000,0%
2026-01-23,3583,辛耘,2000,0%
2026-01-23,3711,日月光投控,2000,0%
2026-01-23,6415,矽力*-KY,1474000,0.74%
2026-01-23,8996,高力,1000,0%
2026-01-23,6191,精成科,3238000,0.74%
2026-01-23,6488,環球晶,766000,0.77%
2026-01-23,2330,台積電,2913000,9.82%
2026-01-23,1815,富喬,4454000,0.79%
2026-01-23,2308,台達電,3094000,7.43%
2026-01-23,8299,群聯,1848000,7.04%
2026-01-23,3017,奇鋐,2290000,6%
2026-01-23,2345,智邦,2526000,5.65%
2026-01-23,6274,台燿,5399000,5.18%
2026-01-23,6669,緯穎,722000,5.08%
2026-01-23,2383,台光電,1352000,4.64%
2026-01-23,3653,健策,767000,4.08%
2026-01-23,3665,貿聯-KY,1483848,3.93%
2026-01-23,2327,國巨*,6551000,3.64%
2026-01-23,6223,旺矽,962000,4.66%
2026-01-23,3661,世芯-KY,458000,2.99%
2026-01-23,2368,金像電,2797000,3.44%
2026-01-23,2059,川湖,147000,1%
2026-01-23,3533,嘉澤,376000,1.04%
2026-01-23,3037,欣興,1866000,1.2%
2026-01-23,6515,穎崴,214000,1.59%
2026-01-23,8358,金居,1826000,0.95%
2026-01-23,5274,信驊,142000,2.4%
2026-01-23,6805,富世達,1016000,2.67%
2026-01-23,8046,南電,3788000,2.76%
2026-01-23,8210,勤誠,1563000,2.89%
2026-01-23,2313,華通,5013000,1.63%
2026-01-26,3008,大立光,3000,0.01%
2026-01-26,6191,精成科,3238000,0.72%
2026-01-26,5269,祥碩,262000,0.69%
2026-01-26,6139,亞翔,668000,0.69%
2026-01-26,1319,東陽,2563000,0.53%
2026-01-26,3211,順達,570000,0.34%
2026-01-26,3376,新日興,727000,0.31%
2026-01-26,6510,精測,47000,0.29%
2026-01-26,1802,台玻,2065000,0.2%
2026-01-26,3217,優群,326000,0.1%
2026-01-26,3711,日月光投控,2000,0%
2026-01-26,6415,矽力*-KY,1474000,0.73%
2026-01-26,8996,高力,1000,0%
2026-01-26,2439,美律,2000,0%
2026-01-26,3045,台灣大,2000,0%
2026-01-26,2454,聯發科,1000,0%
2026-01-26,5536,聖暉*,1000,0%
2026-01-26,2884,玉山金,2010,0%
2026-01-26,2449,京元電子,1000,0%
2026-01-26,2317,鴻海,1000,0%
2026-01-26,3715,定穎投控,1960,0%
2026-01-26,1303,南亞,1000,0%
2026-01-26,3583,辛耘,2000,0%
2026-01-26,2357,華碩,2000,0%
2026-01-26,6488,環球晶,766000,0.77%
2026-01-26,2368,金像電,2797000,3.54%
2026-01-26,1815,富喬,4454000,0.81%
2026-01-26,2330,台積電,2913000,9.73%
2026-01-26,8299,群聯,1848000,7.29%
2026-01-26,2308,台達電,3094000,7.24%
2026-01-26,3017,奇鋐,2290000,5.97%
2026-01-26,2345,智邦,2526000,5.53%
2026-01-26,6669,緯穎,722000,5.27%
2026-01-26,6274,台燿,5399000,5.26%
2026-01-26,6223,旺矽,962000,4.73%
2026-01-26,2383,台光電,1352000,4.48%
2026-01-26,3665,貿聯-KY,1483848,4.04%
2026-01-26,3653,健策,767000,4%
2026-01-26,2059,川湖,117000,0.78%
2026-01-26,3661,世芯-KY,458000,3.07%
2026-01-26,8210,勤誠,1563000,2.89%
2026-01-26,6805,富世達,1016000,2.73%
2026-01-26,8046,南電,3788000,2.67%
2026-01-26,5274,信驊,142000,2.4%
2026-01-26,6515,穎崴,225000,1.74%
2026-01-26,2313,華通,5013000,1.69%
2026-01-26,3037,欣興,1866000,1.18%
2026-01-26,3533,嘉澤,376000,1.06%
2026-01-26,8358,金居,1826000,0.94%
2026-01-26,2327,國巨*,6551000,3.58%
2026-02-04,2002,中鋼,4923000,0.18%
2026-02-04,1802,台玻,2065000,0.19%
2026-02-04,4979,華星光,329000,0.19%
2026-02-04,2059,川湖,40000,0.22%
2026-02-04,1326,台化,5635000,0.4%
2026-02-04,3211,順達,570000,0.31%
2026-02-04,5269,祥碩,137000,0.32%
2026-02-04,3376,新日興,1017000,0.38%
2026-02-04,3217,優群,326000,0.09%
2026-02-04,1319,東陽,1531000,0.3%
2026-02-04,3008,大立光,3000,0.01%
2026-02-04,3045,台灣大,2000,0%
2026-02-04,8996,高力,1000,0%
2026-02-04,2439,美律,2000,0%
2026-02-04,3533,嘉澤,1000,0%
2026-02-04,2454,聯發科,1000,0%
2026-02-04,5536,聖暉*,1000,0%
2026-02-04,2884,玉山金,2010,0%
2026-02-04,2313,華通,1000,0%
2026-02-04,2317,鴻海,1000,0%
2026-02-04,3583,辛耘,2000,0%
2026-02-04,2449,京元電子,1227000,0.65%
2026-02-04,2357,華碩,2000,0%
2026-02-04,6488,環球晶,766000,0.65%
2026-02-04,6191,精成科,3238000,0.65%
2026-02-04,2330,台積電,2913000,9.21%
2026-02-04,1303,南亞,5193000,0.71%
2026-02-04,8299,群聯,1908000,6.94%
2026-02-04,3017,奇鋐,2290000,6.79%
2026-02-04,2383,台光電,1560000,5.64%
2026-02-04,2308,台達電,2625000,5.62%
2026-02-04,2345,智邦,2556000,5.36%
2026-02-04,3653,健策,916000,5.04%
2026-02-04,6223,旺矽,962000,4.68%
2026-02-04,6274,台燿,4825000,4.59%
2026-02-04,2368,金像電,2797000,3.95%
2026-02-04,3665,貿聯-KY,1627848,3.86%
2026-02-04,6669,緯穎,722000,4.71%
2026-02-04,5274,信驊,174000,2.97%
2026-02-04,2327,國巨*,6551000,3.1%
2026-02-04,8358,金居,1826000,0.84%
2026-02-04,6139,亞翔,1610000,1.59%
2026-02-04,6510,精測,230000,1.63%
2026-02-04,6515,穎崴,225000,1.81%
2026-02-04,1815,富喬,4454000,0.77%
2026-02-04,8210,勤誠,1563000,2.73%
2026-02-04,6805,富世達,1016000,2.74%
2026-02-04,8046,南電,3788000,2.75%
2026-02-04,3661,世芯-KY,470000,2.82%
2026-02-04,3037,欣興,3671000,2.52%
2026-02-05,1802,台玻,2065000,0.19%
2026-02-05,2449,京元電子,1227000,0.62%
2026-02-05,1326,台化,5635000,0.41%
2026-02-05,3376,新日興,1017000,0.37%
2026-02-05,3211,順達,570000,0.31%
2026-02-05,5269,祥碩,137000,0.31%
2026-02-05,1319,東陽,1531000,0.3%
2026-02-05,2404,漢唐,165000,0.27%
2026-02-05,2059,川湖,40000,0.22%
2026-02-05,4979,華星光,329000,0.19%
2026-02-05,2317,鴻海,1000,0%
2026-02-05,6191,精成科,3238000,0.62%
2026-02-05,3217,優群,326000,0.09%
2026-02-05,3008,大立光,3000,0.01%
2026-02-05,2357,華碩,2000,0%
2026-02-05,8996,高力,1000,0%
2026-02-05,2439,美律,2000,0%
2026-02-05,3533,嘉澤,1000,0%
2026-02-05,3045,台灣大,2000,0%
2026-02-05,2454,聯發科,1000,0%
2026-02-05,5536,聖暉*,1000,0%
2026-02-05,2884,玉山金,2010,0%
2026-02-05,2313,華通,1000,0%
2026-02-05,2002,中鋼,4923000,0.18%
2026-02-05,6488,環球晶,766000,0.64%
2026-02-05,8210,勤誠,1563000,3.03%
2026-02-05,1303,南亞,6096000,0.81%
2026-02-05,2330,台積電,2913000,9.19%
2026-02-05,3017,奇鋐,2290000,6.67%
2026-02-05,2383,台光電,1677000,5.85%
2026-02-05,8299,群聯,1613000,5.83%
2026-02-05,2345,智邦,2556000,5.14%
2026-02-05,2308,台達電,2493000,5.13%
2026-02-05,1815,富喬,4454000,0.76%
2026-02-05,6223,旺矽,962000,4.73%
2026-02-05,6669,緯穎,722000,4.66%
2026-02-05,6274,台燿,4825000,4.49%
2026-02-05,2368,金像電,2797000,3.8%
2026-02-05,3653,健策,916000,4.91%
2026-02-05,2327,國巨*,6551000,3.02%
2026-02-05,6805,富世達,1066000,2.95%
2026-02-05,3661,世芯-KY,503000,2.92%
2026-02-05,5274,信驊,174000,2.84%
2026-02-05,8046,南電,3788000,2.69%
2026-02-05,3037,欣興,3869000,2.53%
2026-02-05,6515,穎崴,225000,1.78%
2026-02-05,6510,精測,230000,1.61%
2026-02-05,6139,亞翔,1610000,1.57%
2026-02-05,8358,金居,1826000,0.82%
2026-02-05,3665,貿聯-KY,1627848,3.67%
2026-02-11,2330,台積電,2992000,9.46%
2026-02-11,2383,台光電,1809000,6.55%
2026-02-11,2345,智邦,2625000,6.28%
2026-02-11,3017,奇鋐,2352000,6.23%
2026-02-11,2308,台達電,2560000,5.32%
2026-02-11,3653,健策,940000,4.97%
2026-02-11,8299,群聯,1614000,4.94%
2026-02-11,6669,緯穎,741000,4.57%
2026-02-11,6223,旺矽,988000,4.55%
2026-02-11,6274,台燿,4965000,4.36%
2026-02-11,3665,貿聯-KY,1841848,4.15%
2026-02-11,2368,金像電,2887000,3.95%
2026-02-11,3661,世芯-KY,559000,3.12%
2026-02-11,5274,信驊,178000,2.86%
2026-02-11,2327,國巨*,6729000,2.84%
2026-02-11,6805,富世達,1094000,2.79%
2026-02-11,8046,南電,3788000,2.6%
2026-02-11,8210,勤誠,1563000,2.52%
2026-02-11,3037,欣興,3974000,2.42%
2026-02-11,6515,穎崴,231000,1.91%
2026-02-11,6510,精測,236000,1.55%
2026-02-11,6139,亞翔,1653000,1.42%
2026-02-11,2449,京元電子,1709000,0.88%
2026-02-11,8358,金居,1826000,0.81%
2026-02-11,1303,南亞,6261000,0.81%
2026-02-11,1815,富喬,4575000,0.73%
2026-02-11,6488,環球晶,786000,0.58%
2026-02-11,6191,精成科,3326000,0.57%
2026-02-11,1326,台化,5790000,0.4%
2026-02-11,3376,新日興,1044000,0.33%
2026-02-11,2317,鴻海,863000,0.32%
2026-02-11,5269,祥碩,140000,0.29%
2026-02-11,3211,順達,585000,0.27%
2026-02-11,1319,東陽,1531000,0.26%
2026-02-11,2404,漢唐,165000,0.25%
2026-02-11,2059,川湖,40000,0.2%
2026-02-11,4979,華星光,329000,0.18%
2026-02-11,2002,中鋼,4923000,0.17%
2026-02-11,1802,台玻,2065000,0.16%
2026-02-11,3217,優群,326000,0.08%
2026-02-11,3008,大立光,3000,0.01%
2026-02-11,2357,華碩,2000,0%
2026-02-11,8996,高力,1000,0%
2026-02-11,2439,美律,2000,0%
2026-02-11,3533,嘉澤,1000,0%
2026-02-11,3045,台灣大,2000,0%
2026-02-11,2454,聯發科,1000,0%
2026-02-11,5536,聖暉*,1000,0%
2026-02-11,2884,玉山金,2010,0%
2026-02-11,2313,華通,1000,0%
