Date,Open,High,Low,Close,Volume,Amount
2024-03-18,0.00,160.00,137.00,142.00,241990.00,34362580.00
2024-03-19,145.54,144.50,135.00,140.50,113085.00,15888442.50
2024-03-20,138.90,141.50,137.00,140.00,29117.00,4076380.00
2024-03-21,138.09,141.00,137.00,140.00,22559.00,3158260.00
2024-03-22,139.00,140.00,137.50,140.00,12767.00,1787380.00
2024-03-25,138.28,141.00,138.00,140.50,71317.00,10020038.50
2024-03-26,139.82,158.50,138.50,151.00,126739.00,19137589.00
2024-03-27,146.56,151.00,140.50,148.50,48159.00,7151611.50
2024-03-28,145.73,148.50,142.50,148.50,15228.00,2261358.00
2024-03-29,143.92,148.50,141.50,145.00,24840.00,3601800.00
2024-04-01,142.77,148.00,142.00,147.50,14955.00,2205862.50
2024-04-02,143.80,147.50,142.00,147.50,31457.00,4639907.50
2024-04-03,143.69,147.50,142.00,147.50,40572.00,5984370.00
2024-04-08,142.48,145.50,142.00,144.00,47991.00,6910704.00
2024-04-09,143.20,152.00,144.00,147.50,57040.00,8413400.00
2024-04-10,146.88,155.00,145.50,152.00,109911.00,16706472.00
2024-04-11,149.84,151.00,143.50,147.50,11078.00,1634005.00
2024-04-12,144.86,150.50,144.00,150.50,4082.00,614341.00
2024-04-15,145.74,150.50,142.50,148.50,47695.00,7082707.50
2024-04-16,144.47,148.00,138.00,144.00,11167.00,1608048.00
2024-04-17,141.53,144.00,137.50,144.00,13694.00,1971936.00
2024-04-18,140.03,144.00,138.00,144.00,7348.00,1058112.00
2024-04-19,140.95,144.00,137.00,138.50,32118.00,4448343.00
2024-04-22,138.51,140.50,137.00,140.50,5153.00,723996.50
2024-04-23,138.60,140.50,134.50,140.50,2256.00,316968.00
2024-04-24,137.14,140.50,140.50,140.50,1003.00,140921.50
2024-04-25,140.50,141.00,138.00,141.00,4362.00,615042.00
2024-04-26,139.29,140.50,137.50,139.50,9083.00,1267078.50
2024-04-29,137.77,139.50,136.00,138.50,6510.00,901635.00
2024-04-30,136.98,138.50,133.50,136.50,15273.00,2084764.50
2024-05-02,134.70,136.50,133.00,134.00,4489.00,601526.00
2024-05-03,133.25,133.50,124.00,130.00,24746.00,3216980.00
2024-05-06,128.88,130.00,119.00,130.00,49349.00,6415370.00
2024-05-07,122.79,130.00,124.00,128.00,16203.00,2073984.00
2024-05-08,125.34,129.00,123.00,127.00,19102.00,2425954.00
2024-05-09,124.63,127.50,122.50,123.00,16766.00,2062218.00
2024-05-10,122.79,127.00,121.50,126.00,14006.00,1764756.00
2024-05-13,122.61,122.00,111.00,116.50,46099.00,5370533.50
2024-05-14,116.83,115.00,103.00,110.50,29732.00,3285386.00
2024-05-15,108.32,113.00,106.50,110.00,39751.00,4372610.00
2024-05-16,108.95,112.50,107.00,110.50,17322.00,1914081.00
2024-05-17,107.86,115.50,107.00,115.00,39016.00,4486840.00
2024-05-20,110.61,115.50,110.50,115.50,12054.00,1392237.00
2024-05-21,110.79,115.00,110.00,113.00,26202.00,2960826.00
2024-05-22,110.26,112.50,110.00,110.50,19310.00,2133755.00
2024-05-23,110.68,115.50,111.00,111.00,40259.00,4468749.00
2024-05-24,112.83,115.00,108.50,110.00,15242.00,1676620.00
2024-05-27,110.32,118.00,111.00,111.00,59108.00,6560988.00
2024-05-28,115.44,114.00,108.50,110.00,24056.00,2646160.00
2024-05-29,110.63,110.50,107.50,109.50,12523.00,1371268.50
2024-05-30,109.42,118.00,109.50,116.00,48487.00,5624492.00
2024-05-31,113.55,124.00,116.00,122.50,68148.00,8348130.00
2024-06-03,119.10,124.00,119.00,122.00,11109.00,1355298.00
2024-06-04,121.86,122.50,117.50,117.50,36381.00,4274767.50
2024-06-05,119.80,120.00,117.50,120.00,18161.00,2179320.00
2024-06-06,119.20,120.00,115.00,118.00,6601.00,778918.00
2024-06-07,117.21,118.50,110.50,115.50,43700.00,5047350.00
2024-06-11,113.35,115.00,112.00,115.00,3000.00,345000.00
2024-06-12,113.00,115.00,111.00,111.00,16740.00,1858140.00
2024-06-13,111.48,115.00,110.50,115.00,26002.00,2990230.00
2024-06-14,111.62,112.00,109.00,111.50,10900.00,1215350.00
2024-06-17,110.82,115.00,110.00,112.00,16341.00,1830192.00
2024-06-18,112.15,110.50,110.50,110.50,355.00,39227.50
2024-06-20,110.50,117.00,114.50,117.00,12248.00,1433016.00
2024-06-21,115.66,124.00,117.50,123.00,19926.00,2450898.00
2024-06-24,119.45,126.00,121.00,125.50,57845.00,7259547.50
2024-06-25,123.94,126.50,122.00,126.00,53412.00,6729912.00
2024-06-26,124.62,136.00,127.00,136.00,65504.00,8908544.00
2024-06-27,130.94,135.50,128.00,132.50,38872.00,5150540.00
2024-06-28,129.65,133.50,128.00,131.00,25021.00,3277751.00
2024-07-01,130.88,133.00,129.00,133.00,58456.00,7774648.00
2024-07-02,131.98,132.00,128.50,132.00,222.00,29304.00
2024-07-03,130.66,130.50,126.50,129.00,22142.00,2856318.00
2024-07-04,127.22,129.50,123.50,129.00,2608.00,336432.00
2024-07-05,126.96,129.00,127.50,127.50,1450.00,184875.00
2024-07-08,128.48,125.00,122.00,124.00,16485.00,2044140.00
2024-07-09,123.60,124.00,117.00,124.00,24422.00,3028328.00
2024-07-10,119.86,126.50,119.50,126.50,7426.00,939389.00
2024-07-11,123.81,126.50,123.00,126.50,4201.00,531426.50
2024-07-12,124.12,126.00,123.50,123.50,1152.00,142272.00
2024-07-15,125.75,140.00,126.00,138.50,106452.00,14743602.00
2024-07-16,134.84,140.00,130.50,134.50,95007.00,12778441.50
2024-07-17,132.46,134.00,129.50,133.50,26440.00,3529740.00
2024-07-18,130.33,140.50,130.00,138.00,123397.00,17028786.00
2024-07-19,137.04,147.50,138.00,146.00,189276.00,27634296.00
2024-07-22,141.26,147.00,138.00,140.00,132846.00,18598440.00
2024-07-23,142.18,138.50,129.00,137.00,72641.00,9951817.00
2024-07-26,134.30,131.00,124.50,129.50,38953.00,5044413.50
2024-07-29,128.35,129.50,123.50,123.50,32726.00,4041661.00
2024-07-30,125.09,125.50,119.50,125.50,90669.00,11378959.50
2024-07-31,121.11,128.50,121.50,128.50,14602.00,1876357.00
2024-08-01,124.18,132.50,125.50,125.50,18692.00,2345846.00
2024-08-02,128.23,129.00,123.50,127.00,12256.00,1556512.00
2024-08-05,124.86,125.00,116.00,116.50,32013.00,3729514.50
2024-08-06,117.83,120.50,114.50,118.00,29167.00,3441706.00
2024-08-07,116.57,124.50,118.50,124.50,94467.00,11761141.50
2024-08-08,119.40,123.00,118.50,123.00,1001.00,123123.00
2024-08-09,118.50,123.50,119.00,122.00,7541.00,920002.00
2024-08-12,121.09,125.00,123.00,124.00,10000.00,1240000.00
2024-08-13,124.10,123.00,121.00,122.00,6200.00,756400.00
2024-08-14,121.81,123.50,121.50,123.00,7006.00,861738.00
2024-08-15,122.61,124.00,124.00,124.00,1000.00,124000.00
2024-08-16,124.00,125.50,124.00,125.00,9450.00,1181250.00
2024-08-19,125.01,126.00,123.50,125.00,10500.00,1312500.00
2024-08-20,124.48,126.00,125.00,125.50,4003.00,502376.50
2024-08-21,125.25,126.00,125.50,126.00,14701.00,1852326.00
2024-08-22,125.74,126.50,123.50,126.50,14000.00,1771000.00
2024-08-23,125.07,127.00,125.00,125.50,9000.00,1129500.00
2024-08-26,125.72,126.50,124.50,126.50,81253.00,10278504.50
2024-08-27,125.82,128.50,126.00,127.50,58203.00,7420882.50
2024-08-28,127.01,131.50,125.50,131.50,83602.00,10993663.00
2024-08-29,129.69,130.00,127.50,130.00,12300.00,1599000.00
2024-08-30,129.04,131.00,127.00,131.00,10416.00,1364496.00
2024-09-02,128.94,133.00,129.00,132.00,57016.00,7526112.00
2024-09-03,131.62,131.50,131.50,131.50,10.00,1315.00
2024-09-04,131.50,128.50,122.00,126.50,56800.00,7185200.00
2024-09-05,124.36,128.00,125.50,128.00,23005.00,2944640.00
2024-09-06,127.54,128.00,127.00,127.50,5819.00,741922.50
2024-09-09,127.41,128.00,123.00,123.00,3100.00,381300.00
2024-09-10,127.19,127.50,126.50,127.00,14100.00,1790700.00
2024-09-11,126.89,128.00,127.00,127.50,18080.00,2305200.00
2024-09-12,127.39,128.00,127.00,128.00,15100.00,1932800.00
2024-09-13,127.50,128.00,127.00,128.00,5701.00,729728.00
2024-09-16,127.68,128.00,128.00,128.00,1000.00,128000.00
2024-09-18,128.00,128.00,128.00,128.00,1200.00,153600.00
2024-09-19,128.00,126.00,124.00,125.00,23600.00,2950000.00
2024-09-20,125.12,127.50,124.50,127.50,51200.00,6528000.00
2024-09-23,125.86,127.50,125.00,127.50,39000.00,4972500.00
2024-09-24,127.09,129.00,127.50,128.00,12708.00,1626624.00
2024-09-25,128.22,128.50,125.50,125.50,79515.00,9979132.50
2024-09-26,127.63,128.50,126.00,128.00,62128.00,7952384.00
2024-09-27,127.21,128.00,124.50,126.00,62701.00,7900326.00
2024-09-30,125.63,126.00,125.00,126.00,7000.00,882000.00
2024-10-01,125.57,126.00,123.50,126.00,30001.00,3780126.00
2024-10-04,123.93,124.00,121.00,124.00,17800.00,2207200.00
2024-10-07,123.01,123.00,121.00,122.50,17000.00,2082500.00
2024-10-08,121.94,122.50,122.00,122.00,4000.00,488000.00
2024-10-09,122.25,123.50,122.50,122.50,2000.00,245000.00
2024-10-11,123.00,125.50,123.00,125.50,14001.00,1757125.50
2024-10-14,124.04,125.50,124.00,125.50,10131.00,1271440.50
2024-10-15,124.40,124.50,122.00,124.50,24011.00,2989369.50
2024-10-16,123.65,124.50,124.50,124.50,2.00,249.00
2024-10-17,124.50,121.00,119.00,120.00,11951.00,1434120.00
2024-10-18,120.38,123.50,120.00,123.50,15403.00,1902270.50
2024-10-21,120.71,121.50,120.00,121.50,33203.00,4034164.50
2024-10-22,120.28,120.50,118.00,120.00,29103.00,3492360.00
2024-10-23,118.88,120.50,117.50,120.00,29002.00,3480240.00
2024-10-24,119.09,120.00,119.00,120.00,16001.00,1920120.00
2024-10-25,119.16,120.00,117.00,120.00,11008.00,1320960.00
2024-10-28,118.59,117.50,113.50,116.50,26772.00,3118938.00
2024-10-29,115.35,117.00,114.50,115.00,7024.00,807760.00
2024-10-30,115.22,116.50,114.00,116.50,29012.00,3379898.00
2024-11-01,114.10,115.50,113.50,115.50,7033.00,812311.50
2024-11-04,113.72,112.50,105.00,109.00,57446.00,6261614.00
2024-11-05,108.93,111.50,105.50,111.50,51074.00,5694751.00
2024-11-06,106.66,110.50,107.50,110.50,21201.00,2342710.50
2024-11-07,107.97,110.00,107.00,110.00,16227.00,1784970.00
2024-11-08,107.82,119.00,109.00,113.00,71115.00,8035995.00
2024-11-11,113.21,114.00,110.00,114.00,12371.00,1410294.00
2024-11-12,111.30,114.50,112.00,113.50,16084.00,1825534.00
2024-11-13,113.31,113.50,110.00,110.00,3618.00,397980.00
2024-11-14,110.83,112.00,108.50,109.00,3153.00,343677.00
2024-11-15,109.03,112.00,108.00,110.00,7540.00,829400.00
2024-11-18,108.87,109.00,106.50,109.00,8020.00,874180.00
2024-11-19,108.19,109.00,107.00,108.50,2305.00,250092.50
2024-11-21,107.70,109.00,107.00,107.00,1405.00,150335.00
2024-11-22,107.08,109.00,105.50,109.00,310.00,33790.00
2024-11-25,105.61,109.00,109.00,109.00,2315.00,252335.00
2024-11-26,109.00,109.00,108.50,109.00,3205.00,349345.00
2024-11-27,108.53,109.00,105.50,105.50,3252.00,343086.00
2024-11-28,105.55,109.00,106.00,107.00,9408.00,1006656.00
2024-11-29,107.45,108.50,105.50,105.50,2001.00,211105.50
2024-12-02,105.50,109.00,106.00,108.50,17112.00,1856652.00
2024-12-03,108.21,110.00,107.50,108.00,6471.00,698868.00
2024-12-04,108.24,110.00,106.50,109.00,7109.00,774881.00
2024-12-05,108.48,109.50,107.00,109.50,8006.00,876657.00
2024-12-06,108.19,109.50,108.50,108.50,15002.00,1627717.00
2024-12-09,108.97,109.50,109.50,109.50,302.00,33069.00
2024-12-10,109.50,110.00,108.50,109.00,16000.00,1744000.00
2024-12-11,109.22,110.00,108.00,108.00,2602.00,281016.00
2024-12-12,108.58,110.00,110.00,110.00,102.00,11220.00
2024-12-13,110.00,109.50,108.50,108.50,12550.00,1361675.00
2024-12-16,109.10,109.50,109.00,109.50,3006.00,329157.00
2024-12-17,109.00,108.50,102.00,107.50,28021.00,3012257.50
2024-12-18,106.27,109.50,108.50,108.50,4001.00,434108.50
2024-12-19,109.00,109.50,105.50,105.50,1006.00,106133.00
2024-12-20,105.50,109.50,105.50,108.00,16002.00,1728216.00
2024-12-23,105.75,109.00,109.00,109.00,1.00,109.00
2024-12-24,109.00,106.50,105.50,106.50,4005.00,426532.50
2024-12-25,106.00,108.50,105.50,108.50,4202.00,455917.00
2024-12-26,105.98,108.50,104.00,107.50,23502.00,2526465.00
2024-12-27,106.94,108.50,107.00,107.00,1002.00,107214.00
2024-12-30,107.00,108.00,107.50,107.50,4000.00,430000.00
2024-12-31,107.75,108.00,108.00,108.00,1000.00,108000.00
2025-01-02,108.00,108.00,104.50,107.50,4601.00,494607.50
2025-01-03,107.33,107.50,107.50,107.50,120.00,12900.00
2025-01-06,107.50,108.50,105.00,105.00,5002.00,525210.00
2025-01-07,106.50,108.00,106.50,108.00,8102.00,875016.00
2025-01-08,106.77,107.50,100.00,105.00,38484.00,4040820.00
2025-01-09,103.70,104.50,104.00,104.00,4001.00,416104.00
2025-01-10,104.25,104.00,104.00,104.00,1.00,104.00
2025-01-13,104.00,102.50,100.50,101.00,14213.00,1435513.00
2025-01-14,101.30,103.00,100.50,103.00,23604.00,2431212.00
2025-01-15,101.16,102.50,98.10,100.00,13037.00,1303700.00
2025-01-16,99.88,100.50,96.30,100.00,17305.00,1730500.00
2025-01-17,98.36,100.00,96.10,98.80,12434.00,1228479.20
2025-01-20,96.53,98.80,96.10,98.70,9003.00,888596.10
2025-01-21,96.78,102.00,98.00,102.00,13409.00,1367718.00
2025-01-22,100.05,102.50,99.60,102.50,4004.00,410410.00
2025-02-03,99.68,104.00,104.00,104.00,1.00,104.00
2025-02-04,104.00,104.50,102.00,104.50,6003.00,627313.50
2025-02-05,103.00,106.00,102.00,105.00,11104.00,1165920.00
2025-02-06,104.05,106.50,103.00,106.50,6022.00,641343.00
2025-02-07,103.92,107.00,104.00,107.00,7008.00,749856.00
2025-02-10,105.93,107.50,105.50,107.50,32044.00,3444730.00
2025-02-11,106.47,107.50,107.00,107.50,2002.00,215215.00
2025-02-12,107.00,107.50,105.50,107.00,6002.00,642214.00
2025-02-13,105.75,107.00,105.50,107.00,7002.00,749214.00
2025-02-14,106.00,107.50,105.50,107.50,4002.00,430215.00
2025-02-17,105.75,107.50,104.50,106.50,13422.00,1429443.00
2025-02-18,106.05,107.00,105.00,107.00,6308.00,674956.00
2025-02-19,106.26,106.50,99.80,103.50,52986.00,5484051.00
2025-02-20,103.83,104.00,102.50,104.00,11.00,1144.00
2025-02-21,102.64,105.00,103.50,104.50,15772.00,1648174.00
2025-02-24,103.99,106.50,103.50,106.50,10002.00,1065213.00
2025-02-25,103.75,107.00,106.50,107.00,3067.00,328169.00
2025-02-26,106.50,107.50,103.50,106.50,602.00,64113.00
2025-02-27,103.51,107.50,98.40,103.00,31123.00,3205669.00
2025-03-03,103.38,101.00,97.00,99.90,29088.00,2905891.20
2025-03-04,99.61,102.00,97.10,101.50,18004.00,1827406.00
2025-03-05,101.20,105.00,102.50,103.50,4051.00,419278.50
2025-03-06,102.88,105.00,102.50,104.50,10804.00,1129018.00
2025-03-07,103.59,0.00,0.00,0.00,0.00,0.00
2025-03-10,103.59,106.50,104.50,106.50,19135.00,2037877.50
2025-03-11,104.97,107.00,102.00,103.00,11003.00,1133309.00
2025-03-12,103.36,103.50,99.00,103.00,5141.00,529523.00
2025-03-13,99.28,103.00,103.00,103.00,1000.00,103000.00
2025-03-14,103.00,103.50,100.00,103.50,7001.00,724603.50
2025-03-17,100.71,104.00,102.50,103.00,15001.00,1545103.00
2025-03-18,103.30,104.50,100.00,104.50,4202.00,439109.00
2025-03-19,101.19,104.50,104.50,104.50,1.00,104.50
2025-03-20,104.50,105.00,102.50,105.00,8371.00,878955.00
2025-03-21,103.40,106.50,103.50,104.00,17112.00,1779648.00
2025-03-24,103.82,106.50,103.50,103.50,7409.00,766831.50
2025-03-25,104.50,105.50,102.50,105.50,11003.00,1160816.50
2025-03-26,104.00,104.50,103.50,104.00,4201.00,436904.00
2025-03-27,104.00,106.00,106.00,106.00,1.00,106.00
2025-03-28,106.00,105.00,102.00,102.50,6008.00,615820.00
2025-03-31,102.25,103.50,103.50,103.50,2.00,207.00
2025-04-01,103.50,103.00,99.30,100.00,5001.00,500100.00
2025-04-02,99.58,103.00,99.20,100.50,5201.00,522700.50
2025-04-07,100.24,99.00,94.20,97.90,21003.00,2056193.70
2025-04-08,96.78,98.10,94.00,97.90,7017.00,686964.30
2025-04-09,96.32,93.90,93.40,93.90,12001.00,1126893.90
2025-04-10,93.51,95.90,93.10,95.90,10004.00,959383.60
2025-04-11,94.17,95.60,92.50,95.60,3371.00,322267.60
2025-04-14,95.23,96.80,92.00,94.70,6003.00,568484.10
2025-04-15,92.20,94.60,94.60,94.60,1003.00,94883.80
2025-04-16,94.60,94.90,92.50,92.50,4000.00,370000.00
2025-04-17,94.30,95.60,92.10,95.20,10002.00,952190.40
2025-04-18,92.60,96.00,96.00,96.00,10.00,960.00
2025-04-21,96.00,93.80,91.70,91.70,7000.00,641900.00
2025-04-22,92.20,91.40,90.00,90.50,7000.00,633500.00
2025-04-23,90.97,92.10,91.30,91.30,3000.00,273900.00
2025-04-24,91.83,92.40,91.00,92.40,10214.00,943773.60
2025-04-25,92.10,92.40,91.50,91.50,3360.00,307440.00
2025-04-28,91.99,94.60,93.50,94.50,3342.00,315819.00
2025-04-29,94.34,94.90,94.90,94.90,2000.00,189800.00
2025-04-30,94.90,96.00,94.00,96.00,2540.00,243840.00
2025-05-02,95.43,97.00,96.50,96.50,6000.00,579000.00
2025-05-05,96.75,98.80,96.30,98.00,6320.00,619360.00
2025-05-06,96.80,97.00,96.50,97.00,2115.00,205155.00
2025-05-07,96.74,98.30,95.10,98.30,1360.00,133688.00
2025-05-08,97.59,100.00,96.10,100.00,9002.00,900200.00
2025-05-09,98.53,100.50,97.00,97.00,5802.00,562794.00
2025-05-12,98.12,100.50,97.00,100.50,1001.00,100600.50
2025-05-13,97.00,100.50,97.00,97.00,3101.00,300797.00
2025-05-14,97.11,100.00,100.00,100.00,200.00,20000.00
2025-05-15,100.00,100.50,97.00,100.50,2101.00,211150.50
2025-05-16,100.50,100.50,100.50,100.50,100.00,10050.00
2025-05-19,100.50,100.50,97.00,97.00,1100.00,106700.00
2025-05-20,97.32,100.50,100.50,100.50,50.00,5025.00
2025-05-21,100.50,100.50,96.90,100.50,2156.00,216678.00
2025-05-22,97.08,100.00,100.00,100.00,150.00,15000.00
2025-05-23,100.00,100.00,100.00,100.00,250.00,25000.00
2025-05-26,100.00,96.00,96.00,96.00,100.00,9600.00
2025-05-27,96.00,100.00,96.00,98.00,4061.00,397978.00
2025-05-28,97.02,100.00,100.00,100.00,2050.00,205000.00
2025-05-29,100.00,96.80,95.50,96.80,11125.00,1076900.00
2025-06-02,96.04,92.10,92.00,92.00,456.00,41952.00
2025-06-03,92.00,96.50,96.50,96.50,1.00,96.50
2025-06-04,96.50,96.40,96.40,96.40,100.00,9640.00
2025-06-05,96.40,96.00,92.50,96.00,1007.00,96672.00
2025-06-06,93.15,95.90,91.80,95.90,3191.00,306016.90
2025-06-09,93.28,95.90,95.90,95.90,1.00,95.90
2025-06-10,95.90,96.50,92.50,96.50,5791.00,558831.50
2025-06-11,94.84,92.10,92.10,92.10,100.00,9210.00
2025-06-12,92.10,96.60,96.60,96.60,1.00,96.60
2025-06-13,96.60,96.50,96.50,96.50,10.00,965.00
2025-06-16,96.50,96.90,96.50,96.90,5001.00,484596.90
2025-06-17,96.56,100.50,96.80,100.50,8002.00,804201.00
2025-06-18,96.91,101.00,96.80,101.00,15508.00,1566308.00
2025-06-19,99.04,100.00,97.90,100.00,6001.00,600100.00
2025-06-20,97.95,100.00,100.00,100.00,1006.00,100600.00
2025-06-23,100.00,0.00,0.00,0.00,0.00,0.00
2025-06-24,100.00,101.00,97.10,100.50,8202.00,824301.00
2025-06-25,99.23,110.50,101.00,110.00,76133.00,8374630.00
2025-06-26,107.47,116.50,107.50,114.00,126984.00,14476176.00
2025-06-27,111.11,123.00,114.00,123.00,100322.00,12339606.00
2025-06-30,119.44,127.00,120.00,122.00,89674.00,10940228.00
2025-07-01,123.17,124.00,117.50,119.50,42609.00,5091775.50
2025-07-02,119.15,120.00,114.00,118.50,20763.00,2460415.50
2025-07-03,115.07,116.00,113.50,116.00,20038.00,2324408.00
2025-07-04,114.69,116.00,114.50,116.00,4098.00,475368.00
2025-07-07,115.24,115.00,111.50,115.00,5000.00,575000.00
2025-07-08,113.00,114.00,111.50,112.00,6320.00,707840.00
2025-07-09,112.32,114.00,106.00,109.00,42914.00,4677626.00
2025-07-10,109.51,112.50,110.00,112.50,12107.00,1362037.50
2025-07-11,111.08,129.50,112.50,129.50,117104.00,15164968.00
2025-07-14,119.44,140.50,125.00,140.00,225379.00,31553060.00
2025-07-15,133.18,141.50,132.50,138.50,130640.00,18093640.00
2025-07-16,137.14,139.50,132.50,134.00,41385.00,5545590.00
2025-07-17,134.02,134.00,125.50,128.50,82293.00,10574650.50
2025-07-18,130.91,130.50,124.50,129.00,82136.00,10595544.00
2025-07-21,126.97,137.50,126.50,135.50,36541.00,4951305.50
2025-07-22,131.37,138.00,130.50,136.00,109762.00,14927632.00
2025-07-23,135.44,137.50,132.50,137.50,63115.00,8678312.50
2025-07-24,134.88,120.50,113.00,115.50,175883.00,20314486.50
2025-07-25,115.05,117.00,113.00,116.50,12102.00,1409883.00
2025-07-28,114.68,115.00,114.00,115.00,21301.00,2449615.00
2025-07-29,114.55,114.50,111.00,113.50,31161.00,3536773.50
2025-07-30,113.43,115.00,112.00,114.50,23610.00,2703345.00
2025-07-31,113.46,118.50,114.00,117.00,27123.00,3173391.00
2025-08-01,116.08,116.00,114.50,115.50,23599.00,2725684.50
2025-08-04,115.34,117.00,114.50,116.50,28350.00,3302775.00
2025-08-05,116.45,134.00,119.00,134.00,84477.00,11319918.00
2025-08-06,127.37,137.50,130.00,136.50,82634.00,11279541.00
2025-08-07,134.88,138.00,131.00,136.00,60380.00,8211680.00
2025-08-08,135.32,136.00,124.50,128.50,97555.00,12535817.50
2025-08-11,130.09,128.50,122.50,125.50,54980.00,6899990.00
2025-08-12,124.44,127.00,122.50,127.00,56242.00,7142734.00
2025-08-13,124.12,126.50,123.50,126.50,33632.00,4254448.00
2025-08-14,124.19,126.00,122.50,123.50,33664.00,4157504.00
2025-08-15,123.16,124.50,122.00,123.00,44908.00,5523684.00
2025-08-18,122.94,127.00,121.50,126.50,61971.00,7839331.50
2025-08-19,123.65,123.50,121.50,122.00,71415.00,8712630.00
2025-08-20,122.22,124.00,117.50,117.50,25999.00,3054882.50
2025-08-21,119.80,122.00,119.50,121.00,25002.00,3025242.00
2025-08-22,120.41,121.50,117.50,121.50,10267.00,1247440.50
2025-08-25,117.91,121.00,118.50,119.00,16101.00,1916019.00
2025-08-26,119.02,121.00,118.00,119.50,29554.00,3531703.00
2025-08-27,119.10,122.50,119.00,120.00,22001.00,2640120.00
2025-08-28,120.57,122.50,121.00,121.50,34551.00,4197946.50
2025-08-29,121.86,121.00,117.50,118.50,86186.00,10213041.00
2025-09-01,119.02,121.00,117.00,118.50,74965.00,8883352.50
2025-09-02,119.16,121.00,119.50,120.50,40617.00,4894348.50
2025-09-03,119.85,122.50,119.50,121.00,14480.00,1752080.00
2025-09-04,120.29,124.50,121.50,123.50,31532.00,3894202.00
2025-09-05,122.90,126.50,123.00,126.50,33176.00,4196764.00
2025-09-08,124.79,126.50,123.50,126.50,70730.00,8947345.00
2025-09-09,125.21,126.50,123.00,124.00,56459.00,7000916.00
2025-09-10,123.79,128.50,123.50,128.50,116825.00,15012012.50
2025-09-11,126.42,129.50,124.50,129.50,71172.00,9216774.00
2025-09-12,126.81,130.50,127.50,129.50,54209.00,7020065.50
2025-09-15,128.97,129.50,116.50,118.00,265047.00,31275546.00
2025-09-16,120.34,121.00,119.00,121.00,31474.00,3808354.00
2025-09-17,120.05,121.50,118.50,120.50,20192.00,2433136.00
2025-09-18,118.99,122.00,119.00,120.50,30803.00,3711761.50
2025-09-19,120.67,121.00,118.00,119.50,65962.00,7882459.00
2025-09-22,119.28,120.50,118.00,120.50,43020.00,5183910.00
2025-09-23,119.11,123.00,120.00,122.00,34580.00,4218760.00
2025-09-24,121.29,123.00,118.50,121.50,34410.00,4180815.00
2025-09-25,121.14,125.50,121.00,123.50,59076.00,7295886.00
2025-09-26,122.45,126.50,124.00,126.50,112226.00,14196589.00
2025-09-30,124.73,128.00,124.50,127.00,56512.00,7177024.00
2025-10-01,125.55,130.00,126.00,129.00,84195.00,10861155.00
2025-10-02,127.99,136.50,127.00,135.50,163837.00,22199913.50
2025-10-03,132.62,143.00,129.50,140.00,143410.00,20077400.00
2025-10-07,136.88,142.00,135.50,141.00,90796.00,12802236.00
2025-10-08,138.93,141.50,135.00,140.50,69939.00,9826429.50
2025-10-09,136.84,141.00,133.00,134.00,45953.00,6157702.00
2025-10-13,135.20,133.00,127.00,131.50,46660.00,6135790.00
2025-10-14,130.36,131.50,121.50,125.00,106753.00,13344125.00
2025-10-15,125.18,135.00,125.00,134.50,169367.00,22779861.50
2025-10-16,131.07,135.50,130.50,134.50,99381.00,13366744.50
2025-10-17,132.90,133.00,126.50,129.00,52956.00,6831324.00
2025-10-20,127.84,130.50,121.00,125.00,73736.00,9217000.00
2025-10-21,124.51,125.50,117.50,125.50,62888.00,7892444.00
2025-10-22,119.66,125.50,120.00,121.50,27438.00,3333717.00
2025-10-23,123.13,123.50,117.50,121.00,25999.00,3145879.00
2025-10-27,119.98,121.00,107.50,113.50,204223.00,23179310.50
2025-10-28,112.62,114.50,110.00,112.00,61487.00,6886544.00
2025-10-29,111.21,113.50,103.50,108.00,87870.00,9489960.00
2025-10-30,107.10,114.00,106.00,111.50,45730.00,5098895.00
2025-10-31,110.59,112.00,105.00,109.50,52982.00,5801529.00
2025-11-03,108.90,111.50,105.00,110.50,41590.00,4595695.00
2025-11-04,96.50,97.00,88.40,88.60,389102.00,34474437.20
2025-11-05,87.00,87.50,82.00,87.00,204436.00,17785932.00
2025-11-06,87.20,87.60,83.10,83.90,102066.00,8563337.40
2025-11-07,82.00,84.70,80.00,84.00,122799.00,10315116.00
2025-11-10,83.50,84.10,80.00,81.00,128682.00,10423242.00
2025-11-11,80.00,82.10,78.00,79.60,116328.00,9259708.80
2025-11-12,78.10,79.90,78.10,79.90,81220.00,6489478.00
2025-11-13,79.90,87.50,79.90,82.10,150452.00,12352109.20
2025-11-14,81.50,83.00,81.50,81.60,63430.00,5175888.00
2025-11-17,80.10,82.00,80.00,80.00,60125.00,4810000.00
2025-11-18,79.70,81.00,78.80,78.80,22085.00,1740298.00
2025-11-19,79.70,79.70,78.10,79.00,28300.00,2235700.00
2025-11-20,81.00,81.20,80.00,80.00,9035.00,722800.00
2025-11-21,80.00,80.00,78.00,78.50,39262.00,3082067.00
2025-11-24,79.80,80.50,79.20,79.20,32258.00,2554833.60
2025-11-25,80.10,82.00,80.10,82.00,12020.00,985640.00
2025-11-26,81.30,82.00,81.20,82.00,14132.00,1158824.00
2025-11-27,81.50,85.00,81.50,85.00,53000.00,4505000.00
2025-11-28,85.60,87.70,84.00,84.40,23770.00,2006188.00
2025-12-01,86.90,86.90,84.20,84.20,11220.00,944724.00
2025-12-02,82.00,82.80,81.10,81.20,35235.00,2861082.00
2025-12-03,81.00,83.00,81.00,81.80,9150.00,748470.00
2025-12-04,82.00,82.90,81.30,82.50,25250.00,2083125.00
2025-12-05,81.00,83.50,81.00,83.50,43050.00,3594675.00
2025-12-08,82.50,82.50,80.00,81.90,80330.00,6579027.00
2025-12-09,81.50,83.50,81.40,83.50,29838.00,2491473.00
2025-12-10,84.00,84.00,82.40,83.00,26005.00,2158415.00
2025-12-11,81.50,83.00,81.50,82.00,18940.00,1553080.00
2025-12-12,82.50,83.00,82.00,83.00,9092.00,754636.00
2025-12-15,82.50,87.30,82.50,87.30,20300.00,1772190.00
2025-12-16,83.70,84.20,83.00,83.50,14006.00,1169501.00
2025-12-17,83.50,84.00,83.50,84.00,5000.00,420000.00
2025-12-18,83.80,85.00,83.80,85.00,14000.00,1190000.00
2025-12-19,85.00,86.70,85.00,86.50,22115.00,1912947.50
2025-12-22,86.50,88.80,86.50,88.00,28050.00,2468400.00
2025-12-23,90.00,90.50,89.70,89.70,24180.00,2168946.00
2025-12-24,91.00,98.60,91.00,98.60,84341.00,8316022.60
2025-12-26,98.80,98.80,94.50,95.40,47000.00,4483800.00
2025-12-27,98.80,98.80,94.50,95.40,47000.00,4483800.00
2025-12-29,97.80,104.00,97.00,101.50,116000.00,11774000.00
2025-12-30,101.50,104.50,101.00,102.00,133000.00,13566000.00
2025-12-31,104.50,104.50,101.00,103.50,84000.00,8694000.00
2026-01-01,104.50,104.50,101.00,103.50,84000.00,8694000.00
2026-01-02,103.50,104.00,102.00,102.50,59000.00,6047500.00
2026-01-03,103.50,104.00,102.00,102.50,59000.00,6047500.00
2026-01-05,102.50,102.50,92.30,93.70,90928.00,8519953.60
2026-01-06,95.90,96.90,94.00,95.50,21000.00,2005500.00
2026-01-07,95.50,98.00,95.50,95.60,36351.00,3475155.60
2026-01-08,96.30,99.00,96.20,99.00,30718.00,3041082.00
2026-01-09,98.50,98.50,96.40,96.40,12200.00,1176080.00
2026-01-12,97.00,101.00,97.00,101.00,29000.00,2929000.00
2026-01-13,101.50,101.50,96.20,96.20,46403.00,4463968.60
2026-01-14,99.00,100.00,98.10,99.90,21000.00,2097900.00
2026-01-15,99.90,100.00,98.50,99.90,14000.00,1398600.00
2026-01-16,102.00,104.50,100.00,102.50,108732.00,11145030.00
2026-01-17,102.00,104.50,100.00,102.50,108000.00,11070000.00
2026-01-19,105.00,105.00,103.50,104.00,26000.00,2704000.00
2026-01-20,103.00,104.00,103.00,104.00,30000.00,3120000.00
2026-01-21,103.00,103.50,100.00,103.00,43000.00,4429000.00
2026-01-22,104.00,104.00,101.50,102.50,39000.00,3997500.00
2026-01-23,101.50,102.00,100.00,101.50,52000.00,5278000.00
2026-01-26,105.00,105.00,101.00,102.00,18146.00,1850892.00
2026-01-27,103.00,103.00,99.00,100.00,61476.00,6147600.00
2026-01-28,100.00,100.00,98.60,99.00,41050.00,4063950.00
2026-01-29,100.50,100.50,99.50,99.50,6000.00,597000.00
2026-01-30,98.20,98.20,95.30,95.40,61855.00,5900967.00
2026-02-02,98.40,99.90,97.00,97.50,20150.00,1964625.00
2026-02-03,97.50,100.50,96.10,100.50,54729.00,5500264.50
2026-02-04,102.00,102.50,98.20,100.50,32000.00,3216000.00
